title,singer,music_director,actor,genre,language,movie_name,album,year,duration_seconds,audio_file_path,moods
Vizhi Moodi,Karthik,,,Telugu,Telugu,,Ayan,,332,songs/karthik_vizhi_moodi.mp3,feel good
Kallu Moosi Yochisthey,Karthik,,,Telugu,Telugu,,,,,songs/karthik_kallu_moosi_yochisthey.mp3,feel good
O My Friend,Karthik,,,Telugu,Telugu,,Happy Days,,302,songs/karthik_o_my_friend.mp3,feel good
Hosanna,A.R. Rahman,,,Telugu,Telugu,,Perfect 10: AR Rahman - The Spirit of Music,,332,songs/ar_rahman_hosanna.mp3,feel good
Inkem Inkem Inkem Kaavaale,Sid Sriram,,,Telugu,Telugu,,Geetha Govindam,,,songs/sid_sriram_inkem_inkem_inkem_kaavaale.mp3,feel good
Ide Kalala Vunnadhe,Andrea Jeremiah,,,Telugu,Telugu,,Bharat Ane Nenu,,280,songs/andrea_jeremiah_ide_kalala_vunnadhe.mp3,feel good
Anuvanuvuu,Sunny M.R.,,,Telugu,Telugu,,,,,songs/sunny_mr_anuvanuvuu.mp3,feel good
Hoyna Hoyna,Anirudh Ravichander,,,Telugu,Telugu,,,,271,songs/anirudh_ravichander_hoyna_hoyna.mp3,feel good
Karige Loga,"Kunal Ganjawala , Megha",,,Telugu,Telugu,,,,,songs/kunal_ganjawala_megha_karige_loga.mp3,feel good
Chamkeela Angeelesi,Santhosh Narayanan,,,Telugu,Telugu,,,,,songs/santhosh_narayanan_chamkeela_angeelesi.mp3,feel good
My Love is Gone,Ranjith,,,Telugu,Telugu,,Arya 2,,290,songs/ranjith_my_love_is_gone.mp3,romantic
Yedurangula Vaana,Sid Sriram,,,Telugu,Telugu,,18 Pages (Original Motion Picture Soundtrack) - EP,,252,songs/sid_sriram_yedurangula_vaana.mp3,feel good
Taanu Nenu,Vijay Prakash,,,Telugu,Telugu,,Saahasam Swaasaga Saagipo,,253,songs/vijay_prakash_taanu_nenu.mp3,feel good
Bangaru Kalla,Udit Narayan,,,Telugu,Telugu,,Murari (Original Motion Picture Soundtrack),,300,songs/udit_narayan_bangaru_kalla.mp3,feel good
Neeve Neeve,Chakri,,,Telugu,Telugu,,Amma Nanna O Tamila Ammai,,328,songs/chakri_neeve_neeve.mp3,romantic
"Naa Madhi (From ""Thiru"")",Dhanunjay Seepana,,,Telugu,Telugu,,,,,songs/dhanunjay_seepana_naa_madhi_from_thiru.mp3,feel good
Chandamama,Mani Sharma,,,Telugu,Telugu,,,,,songs/mani_sharma_chandamama.mp3,feel good
Jaamurathiri,S. P. Balasubrahmanyam,,,Telugu,Telugu,,Kshana Kshanam (Original Motion Picture Soundtrack),,301,songs/s_p_balasubrahmanyam_jaamurathiri.mp3,feel good
123 Nenoka Kantri,"Ntr, Naveen, Karunya",,,Telugu,Telugu,,,,,songs/ntr_naveen_karunya_123_nenoka_kantri.mp3,feel good
"Asale Chalikalam (Language: Telugu; Film: Mr.Mrs Sailaja Krishnamurthy; Film Artists: Sivaji, Laila)",Tippu,,,Telugu,Telugu,,,,,songs/tippu_asale_chalikalam_language_telugu_film_mrmrs_sailaja_krishnam.mp3,devotional
"O Rendu Prema Meghaalila (First Love Song) [From ""Baby""]",Vijai Bulganin,,,Telugu,Telugu,,,,,songs/vijai_bulganin_o_rendu_prema_meghaalila_first_love_song_from_baby.mp3,romantic
Idemitamma,Vandemataram Srinivas,,,Telugu,Telugu,,,,,songs/vandemataram_srinivas_idemitamma.mp3,feel good
Pranam Pothunna,Yuvan Shankar Raja,,,Telugu,Telugu,,Love Today (Telugu) [Original Motion Picture Soundtrack] - Single,,231,songs/yuvan_shankar_raja_pranam_pothunna.mp3,feel good
La La Bheemla DJ Version,Arun Kaundinya,,,Telugu,Telugu,,,,210,songs/arun_kaundinya_la_la_bheemla_dj_version.mp3,party
"Ranjithame (From ""Vaarasudu"") [Telugu]",Anurag Kulkarni,,,Telugu,Telugu,,,,,songs/anurag_kulkarni_ranjithame_from_vaarasudu_telugu.mp3,feel good
Meghaalu Lekunna,Yazin nizar,,,Telugu,Telugu,,Kumari 21 F (Original Motion Picture Soundtrack),,299,songs/yazin_nizar_meghaalu_lekunna.mp3,feel good
Endaro Mahanubhavulu,Uthara Unnikrishnan,,,Telugu,Telugu,,Celebrating Tyagaraja - Fusion & More,,672,songs/uthara_unnikrishnan_endaro_mahanubhavulu.mp3,feel good
Sree Bhavani Bhujangam,Saindhavi,,,Telugu,Telugu,,Divine Stothras,,686,songs/saindhavi_sree_bhavani_bhujangam.mp3,feel good
Omkaranadhanu,S.Janaki & S.P.Balasubrahmanyam,,,Telugu,Telugu,,,,,songs/sjanaki_spbalasubrahmanyam_omkaranadhanu.mp3,feel good
Oo Antava Oo Oo Antava,Indravathi Chauhan,,,Telugu,Telugu,,Pushpa - The Rise (Telugu),,223,songs/indravathi_chauhan_oo_antava_oo_oo_antava.mp3,feel good
"What's Happening (From ""Dhamaka"")",Bheems Ceciroleo,,,Telugu,Telugu,,,,280,songs/bheems_ceciroleo_whats_happening_from_dhamaka.mp3,feel good
"mAyamma, Syama Sastry",Dhanya Subramanian,,,Telugu,Telugu,,,,,songs/dhanya_subramanian_mayamma_syama_sastry.mp3,feel good
Jabilli Nuvve,Ranjith,,,Telugu,Telugu,,Ramayya Vastavayya,,226,songs/ranjith_jabilli_nuvve.mp3,feel good
Mokshamu Galadha | Saramati | Adi,Dhanya Subramanian,,,Telugu,Telugu,,,,,songs/dhanya_subramanian_mokshamu_galadha_saramati_adi.mp3,devotional
NTR,Bhagya Chakram Telugu Full Movie,,,Telugu,Telugu,,,,,songs/bhagya_chakram_telugu_full_movie_ntr.mp3,feel good
swapna venuvedo sangeetamalapinche.. suprabhathavela shubhamastu gaali veeche. Jodaina rendu gundela eka thalamo,Mani Sharma,,,Telugu,Telugu,,,,,songs/mani_sharma_swapna_venuvedo_sangeetamalapinche_suprabhathavela_shubhamas.mp3,feel good
Muddulata,Devi Sri Prasad,,,Telugu,Telugu,,,,,songs/devi_sri_prasad_muddulata.mp3,feel good
Baava Baava (Sillymp3.Com),"Siddharth, Praneetha",,,Telugu,Telugu,,,,,songs/siddharth_praneetha_baava_baava_sillymp3com.mp3,feel good
"Magadheera || Telugu Full Movie || RamCharan, Kajal Agarwal",Geetha Arts,,,Telugu,Telugu,,,,,songs/geetha_arts_magadheera_telugu_full_movie_ramcharan_kajal_agarwal.mp3,feel good
"""పొట్టేలు పున్నమ్మ"" తెలుగుపూర్తిసినిమా|శ్రీప్రియ |మురళీమోహన్|మోహన్ బాబు|రావుగోపాలరావు|అల్లు| రాజనాల",All Telugu Movies,,,Telugu,Telugu,,,,,songs/all_telugu_movies_పటటల_పననమమ_తలగపరతసనమశరపరయ_మరళమహనమహన_బబరవగపలరవఅలల_రజనల.mp3,feel good
Ora Jupu,Aathirai Sivapalan,,,Telugu,Telugu,,,,,songs/aathirai_sivapalan_ora_jupu.mp3,feel good
English Dubbed Telugu Movie || Latest Telugu Movies 2016,Ariana's Quest (Jigarbaaz Hasinaa ) English Dubbed Telugu Movie,,,Telugu,Telugu,,,,,songs/arianas_quest_jigarbaaz_hasinaa_english_dubbed_telugu_movie_english_dubbed_telugu_movie_latest_telugu_movies_2016.mp3,feel good
Saahore Baahubali,Bahubali (2017)_Telugu,,,Telugu,Telugu,,,,,songs/bahubali_2017_telugu_saahore_baahubali.mp3,feel good
1996 Telugu HD Full Movie,Sri Krishnarjuna Vijayam,,,Telugu,Telugu,,,,,songs/sri_krishnarjuna_vijayam_1996_telugu_hd_full_movie.mp3,feel good
Disco Sanskrit,S.P. Balasubrahmanyam,,,Telugu,Telugu,,,,,songs/sp_balasubrahmanyam_disco_sanskrit.mp3,party
"Chiranjeevi,Bhoomika",Mani Sharma,,,Telugu,Telugu,,,,,songs/mani_sharma_chiranjeevibhoomika.mp3,feel good
01.Nee Dookudu,Shankar Mahadevan,,,Telugu,Telugu,,,,,songs/shankar_mahadevan_01nee_dookudu.mp3,romantic
Viswaprakasunaku,Vinaya Chejerla,,,Telugu,Telugu,,,,,songs/vinaya_chejerla_viswaprakasunaku.mp3,feel good
NTR,Palletoori Pilla Telugu Full Movie,,,Telugu,Telugu,,,,,songs/palletoori_pilla_telugu_full_movie_ntr.mp3,feel good
Meluko Srirangaraya_Annamacharya keertana,Harini Darbha,,,Telugu,Telugu,,,,,songs/harini_darbha_meluko_srirangaraya_annamacharya_keertana.mp3,feel good
Ee Chinni Life,"Anoop Rubens, Alphons Joseph",,,Telugu,Telugu,,,,,songs/anoop_rubens_alphons_joseph_ee_chinni_life.mp3,feel good
Meluko Srirangaraya - Annamacharya Keertana,Harini Darbha,,,Telugu,Telugu,,,,,songs/harini_darbha_meluko_srirangaraya_annamacharya_keertana.mp3,feel good
"Vishal, Bhanu",Bharani Telugu Full Movie,,,Telugu,Telugu,,,,,songs/bharani_telugu_full_movie_vishal_bhanu.mp3,feel good
Carnatic Classical Fusion (Mokshamu Galatha),Aathirai Sivapalan,,,Telugu,Telugu,,,,,songs/aathirai_sivapalan_carnatic_classical_fusion_mokshamu_galatha.mp3,feel good
Guchchi Guchchi,Shruti Patak,,,Telugu,Telugu,,,,,songs/shruti_patak_guchchi_guchchi.mp3,feel good
Love Me,"Sandeep Chowtha, Nikita Nigam",,,Telugu,Telugu,,,,,songs/sandeep_chowtha_nikita_nigam_love_me.mp3,romantic
A Vachhi B Pai Valle,Adnan Sami & Mathangi,,,Telugu,Telugu,,,,,songs/adnan_sami_mathangi_a_vachhi_b_pai_valle.mp3,feel good
"Najabhaja (From ""God Father"")",Sri Krishna,,,Telugu,Telugu,,,,,songs/sri_krishna_najabhaja_from_god_father.mp3,devotional
Time Ivvu Pilla,Silambarasan TR,,,Telugu,Telugu,,18 Pages (Original Motion Picture Soundtrack) - EP,,215,songs/silambarasan_tr_time_ivvu_pilla.mp3,feel good
Meenacchi Meenacchi,Sooraj Santhosh,,,Telugu,Telugu,,Korameenu (Original Motion Picture Soundtrack) - EP,,245,songs/sooraj_santhosh_meenacchi_meenacchi.mp3,feel good
Raalupoola Ragamala...,"Shri, Wilson Herald",,,Telugu,Telugu,,Pelli Choopulu,,167,songs/shri_wilson_herald_raalupoola_ragamala.mp3,feel good
Ventaade Gaayam,Vivek Sagar,,,Telugu,Telugu,,,,205,songs/vivek_sagar_ventaade_gaayam.mp3,feel good
Yevarive Prema Hrudayama,Sid Sriram,,,Telugu,Telugu,,,,,songs/sid_sriram_yevarive_prema_hrudayama.mp3,romantic
Maaye Maaye,Kapil Kapilan,,,Telugu,Telugu,,Nenu Student Sir (Original Motion Picture Soundtrack) - Single,,218,songs/kapil_kapilan_maaye_maaye.mp3,feel good
Zari Zari Panche Katti,Sravana Bhargavi,,,Telugu,Telugu,,,,,songs/sravana_bhargavi_zari_zari_panche_katti.mp3,feel good
Ra Ra Reddy I Am Ready,Lipsika,,,Telugu,Telugu,,Macherla Niyojakavargam,,260,songs/lipsika_ra_ra_reddy_i_am_ready.mp3,feel good
My Heart (Remix),KK,,,Telugu,Telugu,,Jalsa (Original Motion Picture Soundtrack),,181,songs/kk_my_heart_remix.mp3,sad
Bommali,"HEMACHANDRA, MALAVIKA",,,Telugu,Telugu,,,,,songs/hemachandra_malavika_bommali.mp3,feel good
Idhi Ranarangam,"Ranjith, Rahul, Naveen",,,Telugu,Telugu,,Ramayya Vasthavayya (Original Motion Picture Soundtrack),,213,songs/ranjith_rahul_naveen_idhi_ranarangam.mp3,feel good
Pada Pada,Karthik,,,Telugu,Telugu,,Vennila Kabadi Kuzhu,,277,songs/karthik_pada_pada.mp3,feel good
Chirunavvula Thotaku Swagatham,Sachin-Jigar,,,Telugu,Telugu,,Prabhudeva's Abcd,,313,songs/sachin_jigar_chirunavvula_thotaku_swagatham.mp3,feel good
"Amma Song (From Oke Oka Jeevitham) - From ""Oke Oka Jeevitham""",Jakes Bejoy,,,Telugu,Telugu,,,,,songs/jakes_bejoy_amma_song_from_oke_oka_jeevitham_from_oke_oka_jeevitham.mp3,feel good
Bimbilikki Pilapi,Anirudh Ravichander,,,Telugu,Telugu,,,,,songs/anirudh_ravichander_bimbilikki_pilapi.mp3,feel good
"Premo Yemo (From ""Lucky Lakshman"")",Ramya Behra,,,Telugu,Telugu,,,,,songs/ramya_behra_premo_yemo_from_lucky_lakshman.mp3,romantic
Madhi Thalupunu Thelupaleka - Meet the Boy,Vijai Bulganin,,,Telugu,Telugu,,,,,songs/vijai_bulganin_madhi_thalupunu_thelupaleka_meet_the_boy.mp3,feel good
namakatapani,Devi Sri Prasad,,,Telugu,Telugu,,,,,songs/devi_sri_prasad_namakatapani.mp3,feel good
Indian Romantic Movies,Vasekaranam Telugu  Movie,,,Telugu,Telugu,,,,,songs/vasekaranam_telugu_movie_indian_romantic_movies.mp3,feel good
"Ravi Teja, Trisha",Krishna Telugu Full Movie Part 2/2,,,Telugu,Telugu,,,,,songs/krishna_telugu_full_movie_part_22_ravi_teja_trisha.mp3,feel good
"Panchathantram Title Song (From ""Panchathantram"")",Kala Bhairava,,,Telugu,Telugu,,,,,songs/kala_bhairava_panchathantram_title_song_from_panchathantram.mp3,feel good
Ringa Ringa,Priya Hemesh,,,Telugu,Telugu,,,,,songs/priya_hemesh_ringa_ringa.mp3,feel good
udayinchina suryudini,Devi Sri Prasad,,,Telugu,Telugu,,,,,songs/devi_sri_prasad_udayinchina_suryudini.mp3,feel good
"Ee Vela (From ""Raa Raa Penimiti"")",Ramya Behra,,,Telugu,Telugu,,,,,songs/ramya_behra_ee_vela_from_raa_raa_penimiti.mp3,feel good
Unnapaatuga (From “14 Days Love”),Kiran Venna,,,Telugu,Telugu,,,,,songs/kiran_venna_unnapaatuga_from_14_days_love.mp3,romantic
"Hey (Language: Telugu; Film: Relax; Film Artists: Rohan, Anjai)",Ramana Gogula,,,Telugu,Telugu,,,,,songs/ramana_gogula_hey_language_telugu_film_relax_film_artists_rohan_anjai.mp3,chill
Surya,7th Sense Telugu Full Movie,,,Telugu,Telugu,,,,,songs/7th_sense_telugu_full_movie_surya.mp3,feel good
"Avunanavaa (From ""Ori Devuda"")",Sid Sriram,,,Telugu,Telugu,,,,,songs/sid_sriram_avunanavaa_from_ori_devuda.mp3,feel good
Nay Geesina Gaganam,Prithvi Chandrasekhar,,,Telugu,Telugu,,,,,songs/prithvi_chandrasekhar_nay_geesina_gaganam.mp3,feel good
Rasi Petti,Sid Sriram,,,Telugu,Telugu,,,,,songs/sid_sriram_rasi_petti.mp3,feel good
Priyathama Priyathama,Yasaswi Kondepudi,,,Telugu,Telugu,,Right,,287,songs/yasaswi_kondepudi_priyathama_priyathama.mp3,feel good
Pattana O Pattu,Sri Krishna/ Malavika/ Bharadwaj Gali,,,Telugu,Telugu,,,,,songs/sri_krishna_malavika_bharadwaj_gali_pattana_o_pattu.mp3,feel good
"Maate Vinadhuga - From ""Taxiwaala""",Sid Sriram,,,Telugu,Telugu,,,,,songs/sid_sriram_maate_vinadhuga_from_taxiwaala.mp3,feel good
Pandaga Chesko,K. K,,,Telugu,Telugu,,,,,songs/k_k_pandaga_chesko.mp3,feel good
Yemayyindo Mansukhi Teninnu Manchhiti,Rashid Ali,,,Telugu,Telugu,,,,326,songs/rashid_ali_yemayyindo_mansukhi_teninnu_manchhiti.mp3,feel good
Nadumu (Language: Telugu; Film: Adirandayya Chandram),S.P. Balu,,,Telugu,Telugu,,,,,songs/sp_balu_nadumu_language_telugu_film_adirandayya_chandram.mp3,feel good
O Lailaa,"Rahul, Chorus",,,Telugu,Telugu,,,,,songs/rahul_chorus_o_lailaa.mp3,feel good
Neeli Meghamulalo,"Vivek Sagar, Prithvi Harish, Bharadwaj Gali",,,Telugu,Telugu,,,,,songs/vivek_sagar_prithvi_harish_bharadwaj_gali_neeli_meghamulalo.mp3,romantic
Ninu Choostunte,"Siddharth, Sumangaly",,,Telugu,Telugu,,,,,songs/siddharth_sumangaly_ninu_choostunte.mp3,romantic
Niluvaddamu,"Karthik, Sumangali",,,Telugu,Telugu,,,,,songs/karthik_sumangali_niluvaddamu.mp3,feel good
nee sneham,Manasantanuve,,,Telugu,Telugu,,,,,songs/manasantanuve_nee_sneham.mp3,romantic
"Oopiraagi Poyela (From ""Mr. Kalyan"")",Sweekar Agasthi,,,Telugu,Telugu,,"Oopiraagi Poyela (From ""Mr. Kalyan"") [Original Motion Picture Soundtrack] - Single",,203,songs/sweekar_agasthi_oopiraagi_poyela_from_mr_kalyan.mp3,feel good
Ayudha Pooja [TELUGU],Kala Bhairava,,,Telugu,Telugu,,,,,songs/kala_bhairava_ayudha_pooja_telugu.mp3,feel good
Inthalo Ennenni Vinthalo Male,Naresh Iyer,,,Telugu,Telugu,,,,,songs/naresh_iyer_inthalo_ennenni_vinthalo_male.mp3,feel good
Hoyna,Devi Sri Prasad,,,Telugu,Telugu,,Aata,,306,songs/devi_sri_prasad_hoyna.mp3,feel good
Maargazhi Poovea,Shobha Shanker,,,Telugu,Telugu,,May Madham (Original Motion Picture Soundtrack),,379,songs/shobha_shanker_maargazhi_poovea.mp3,feel good
Happy Days Rock,Naresh Iyer,,,Telugu,Telugu,,Happy Days (Original Motion Picture Soundtrack),,230,songs/naresh_iyer_happy_days_rock.mp3,happy
Innum Konjam Naeram,A.R. Rahman,,,Telugu,Telugu,,,,313,songs/ar_rahman_innum_konjam_naeram.mp3,feel good
Dum,Sandeep Chowta,,,Telugu,Telugu,,Mallika I Hate You,,295,songs/sandeep_chowta_dum.mp3,feel good
every body,Chukkallo Chandrudu,,,Telugu,Telugu,,,,,songs/chukkallo_chandrudu_every_body.mp3,feel good
jeeva,Jeva,,,Telugu,Telugu,,,,,songs/jeva_jeeva.mp3,feel good
Lachuvamma Lachuvamma,"Deepu, Shravana Bhargavi, Rahul",,,Telugu,Telugu,,,,,songs/deepu_shravana_bhargavi_rahul_lachuvamma_lachuvamma.mp3,feel good
Bekheyali Mone,Shadaab Hashmi,,,Telugu,Telugu,,Romeo v/s Juliet (Original Motion Picture Soundtrack),,274,songs/shadaab_hashmi_bekheyali_mone.mp3,feel good
Ada Machamulla,S.P. பாலசுப்பிரமணியம் & S. ஜானகி,,,Telugu,Telugu,,,,,songs/sp_பலசபபரமணயம_s_ஜனக_ada_machamulla.mp3,feel good
Idhi Oka Nandanavanam,"Chiranjeevi, Radha",,,Telugu,Telugu,,,,,songs/chiranjeevi_radha_idhi_oka_nandanavanam.mp3,feel good
Mere Rang Mein Rangne Wali,SP Balasubrahmanyam,,,Telugu,Telugu,,,,,songs/sp_balasubrahmanyam_mere_rang_mein_rangne_wali.mp3,romantic
Tumse Milne Ki Tamanna Hai,SP Balasubrahmanyam,,,Telugu,Telugu,,,,,songs/sp_balasubrahmanyam_tumse_milne_ki_tamanna_hai.mp3,romantic
Vaangum Panathukkum,SP Balasubrahmanyam,,,Telugu,Telugu,,,,,songs/sp_balasubrahmanyam_vaangum_panathukkum.mp3,romantic
Mannil Indha Kaadhal,SP Balasubrahmanyam,,,Telugu,Telugu,,,,,songs/sp_balasubrahmanyam_mannil_indha_kaadhal.mp3,romantic
Tharumukosthundi Samayam [www.AtoZmp3.net],SP Balasubrahmanyam,,,Telugu,Telugu,,,,,songs/sp_balasubrahmanyam_tharumukosthundi_samayam_wwwatozmp3net.mp3,romantic
Nee Prashnalu,SP Balasubrahmanyam,,,Telugu,Telugu,,,,,songs/sp_balasubrahmanyam_nee_prashnalu.mp3,romantic
Vaa Vaa Pakkam Vaa (Remix),SP Balasubrahmanyam,,,Telugu,Telugu,,,,,songs/sp_balasubrahmanyam_vaa_vaa_pakkam_vaa_remix.mp3,romantic
"Bahut Pyar Karte Hai (Male Version) (From ""Saajan"")",SP Balasubrahmanyam,,,Telugu,Telugu,,,,,songs/sp_balasubrahmanyam_bahut_pyar_karte_hai_male_version_from_saajan.mp3,romantic
Pehli Baar Mile Hain,SP Balasubrahmanyam,,,Telugu,Telugu,,,,,songs/sp_balasubrahmanyam_pehli_baar_mile_hain.mp3,romantic
Tere Mere Beech Mein,SP Balasubrahmanyam,,,Telugu,Telugu,,,,,songs/sp_balasubrahmanyam_tere_mere_beech_mein.mp3,romantic
Vathikuchi Pathikadhuda,SP Balasubrahmanyam,,,Telugu,Telugu,,,,,songs/sp_balasubrahmanyam_vathikuchi_pathikadhuda.mp3,romantic
En Kadhalae,SP Balasubrahmanyam,,,Telugu,Telugu,,,,,songs/sp_balasubrahmanyam_en_kadhalae.mp3,sad
Dance Dance,SP Balasubrahmanyam,,,Telugu,Telugu,,,,,songs/sp_balasubrahmanyam_dance_dance.mp3,party
Sorgam Madhuvile,SP Balasubrahmanyam,,,Telugu,Telugu,,,,,songs/sp_balasubrahmanyam_sorgam_madhuvile.mp3,romantic
Hallo Guru,SP Balasubrahmanyam,,,Telugu,Telugu,,,,,songs/sp_balasubrahmanyam_hallo_guru.mp3,romantic
Aamani,SP Balasubrahmanyam,,,Telugu,Telugu,,,,,songs/sp_balasubrahmanyam_aamani.mp3,romantic
Taralirada,SP Balasubrahmanyam,,,Telugu,Telugu,,,,,songs/sp_balasubrahmanyam_taralirada.mp3,romantic
Mattiloni Chettu,SP Balasubrahmanyam,,,Telugu,Telugu,,,,,songs/sp_balasubrahmanyam_mattiloni_chettu.mp3,romantic
Maanguyilae,SP Balasubrahmanyam,,,Telugu,Telugu,,,,,songs/sp_balasubrahmanyam_maanguyilae.mp3,romantic
Vaa! Naailukku Naall,SP Balasubrahmanyam,,,Telugu,Telugu,,,,,songs/sp_balasubrahmanyam_vaa_naailukku_naall.mp3,romantic
Pehla Pehla Pyar,SP Balasubrahmanyam,,,Telugu,Telugu,,,,,songs/sp_balasubrahmanyam_pehla_pehla_pyar.mp3,romantic
Kalyanamalai Video Song HD,SP Balasubrahmanyam,,,Telugu,Telugu,,,,,songs/sp_balasubrahmanyam_kalyanamalai_video_song_hd.mp3,romantic
Yevadu Neevu [www.AtoZmp3.Net],SP Balasubrahmanyam,,,Telugu,Telugu,,,,,songs/sp_balasubrahmanyam_yevadu_neevu_wwwatozmp3net.mp3,romantic
Vo Rabba Rabba - TeluguWap.Net,SP Balasubrahmanyam,,,Telugu,Telugu,,,,,songs/sp_balasubrahmanyam_vo_rabba_rabba_teluguwapnet.mp3,romantic
[iSongs.info] 08 - Okkade Okkade,SP Balasubrahmanyam,,,Telugu,Telugu,,,,,songs/sp_balasubrahmanyam_isongsinfo_08_okkade_okkade.mp3,romantic
Don't Marry,SP Balasubrahmanyam,,,Telugu,Telugu,,,,,songs/sp_balasubrahmanyam_dont_marry.mp3,romantic
Aagaayam,SP Balasubrahmanyam,,,Telugu,Telugu,,,,,songs/sp_balasubrahmanyam_aagaayam.mp3,romantic
Paruvame,SP Balasubrahmanyam,,,Telugu,Telugu,,,,,songs/sp_balasubrahmanyam_paruvame.mp3,romantic
Naan Polladhavan,SP Balasubrahmanyam,,,Telugu,Telugu,,,,,songs/sp_balasubrahmanyam_naan_polladhavan.mp3,romantic
Ele Ele Maradalaa Annamayya Song with English Subtitles I Telugu Movie Annamayya,SP Balasubrahmanyam,,,Telugu,Telugu,,,,,songs/sp_balasubrahmanyam_ele_ele_maradalaa_annamayya_song_with_english_subtitles_i_te.mp3,romantic
Samajavaragamana,Sid Sriram,,,Telugu,Telugu,,Ala Vaikunthapurramuloo,,219,songs/sid_sriram_samajavaragamana.mp3,romantic
Do The Dance,Sid Sriram,,,Telugu,Telugu,,Do The Dance,,242,songs/sid_sriram_do_the_dance.mp3,party
Maate Vinadhuga,Sid Sriram,,,Telugu,Telugu,,Taxiwaala,,272,songs/sid_sriram_maate_vinadhuga.mp3,romantic
The Hard Way,Sid Sriram,,,Telugu,Telugu,,The Hard Way,,212,songs/sid_sriram_the_hard_way.mp3,romantic
"Parayuvaan - From ""Ishq""",Sid Sriram,,,Telugu,Telugu,,,,277,songs/sid_sriram_parayuvaan_from_ishq.mp3,romantic
Undiporaadhey,Sid Sriram,,,Telugu,Telugu,,Hushaaru (Original Motion Picture Soundtrack),,173,songs/sid_sriram_undiporaadhey.mp3,romantic
"Nira - From ""Takkar""",Sid Sriram,,,Telugu,Telugu,,,,,songs/sid_sriram_nira_from_takkar.mp3,romantic
Uyire,Sid Sriram,,,Telugu,Telugu,,Gauthamante Radham (Original Motion Picture Soundtrack),,199,songs/sid_sriram_uyire.mp3,romantic
Thaarame Thaarame,Sid Sriram,,,Telugu,Telugu,,,,228,songs/sid_sriram_thaarame_thaarame.mp3,romantic
"Kaadhal En Kaviye - From ""Salmon 3D""",Sid Sriram,,,Telugu,Telugu,,,,,songs/sid_sriram_kaadhal_en_kaviye_from_salmon_3d.mp3,romantic
Vachindamma,Sid Sriram,,,Telugu,Telugu,,Geetha Govindam,,,songs/sid_sriram_vachindamma.mp3,romantic
Yaen Ennai Pirindhaai - Male,Sid Sriram,,,Telugu,Telugu,,,,,songs/sid_sriram_yaen_ennai_pirindhaai_male.mp3,romantic
Adiga Adiga,Sid Sriram,,,Telugu,Telugu,,Ninnu Kori (Original Motion Picture Soundtrack),,209,songs/sid_sriram_adiga_adiga.mp3,romantic
Yaen Ennai Pirindhaai,Sid Sriram,,,Telugu,Telugu,,Adithya Varma,,198,songs/sid_sriram_yaen_ennai_pirindhaai.mp3,romantic
Anbae Peranbae,Sid Sriram,,,Telugu,Telugu,,,,269,songs/sid_sriram_anbae_peranbae.mp3,romantic
Maruvaarthai,Sid Sriram,,,Telugu,Telugu,,"Maruvaarthai (From ""Enai Noki Paayum Thota"") - Single",,356,songs/sid_sriram_maruvaarthai.mp3,romantic
It Isn't True,Sid Sriram,,,Telugu,Telugu,,It Isn't True - Single,,187,songs/sid_sriram_it_isnt_true.mp3,romantic
"Kadalalle (From ""Dear Comrade"")",Sid Sriram,,,Telugu,Telugu,,Musical Beat With Tollywood Superhits,,260,songs/sid_sriram_kadalalle_from_dear_comrade.mp3,romantic
Vellipomaake,Sid Sriram,,,Telugu,Telugu,,Saahasam Swaasaga Saagipo (Original Motion Picture Soundtrack),,261,songs/sid_sriram_vellipomaake.mp3,romantic
Srivalli,Sid Sriram,,,Telugu,Telugu,,Pushpa - The Rise (Telugu),,221,songs/sid_sriram_srivalli.mp3,romantic
High On Love,Sid Sriram,,,Telugu,Telugu,,,,240,songs/sid_sriram_high_on_love.mp3,romantic
Dear Sahana,Sid Sriram,,,Telugu,Telugu,,Dear Sahana,,307,songs/sid_sriram_dear_sahana.mp3,romantic
Quiet Storm,Sid Sriram,,,Telugu,Telugu,,Sidharth,,340,songs/sid_sriram_quiet_storm.mp3,romantic
Yaen Ennai Pirindhaai - Tamil,Sid Sriram,,,Telugu,Telugu,,,,,songs/sid_sriram_yaen_ennai_pirindhaai_tamil.mp3,romantic
"Arerey Manasa (From ""Falaknuma Das"")",Sid Sriram,,,Telugu,Telugu,,Arerey Manasa,,301,songs/sid_sriram_arerey_manasa_from_falaknuma_das.mp3,romantic
Leharaayi,Sid Sriram,,,Telugu,Telugu,,Most Eligible Bachelor (Original Motion Picture Soundtrack),,,songs/sid_sriram_leharaayi.mp3,romantic
"The One (From ""Retro"")",Sid Sriram,,,Telugu,Telugu,,"The One (From ""Retro"") - Single",,239,songs/sid_sriram_the_one_from_retro.mp3,romantic
Friendly Fire,Sid Sriram,,,Telugu,Telugu,,Friendly Fire,,284,songs/sid_sriram_friendly_fire.mp3,romantic
Mei Nigara,Sid Sriram,,,Telugu,Telugu,,,,,songs/sid_sriram_mei_nigara.mp3,romantic
Ramuloo Ramulaa - Duet,Anurag Kulkarni,,,Telugu,Telugu,,,,,songs/anurag_kulkarni_ramuloo_ramulaa_duet.mp3,romantic
Pillaa Raa,Anurag Kulkarni,,,Telugu,Telugu,,RX 100,,237,songs/anurag_kulkarni_pillaa_raa.mp3,romantic
Ramuloo Ramulaa,Anurag Kulkarni,,,Telugu,Telugu,,Ala Vaikunthapurramuloo (Original Motion Pictures Soundtrack),,245,songs/anurag_kulkarni_ramuloo_ramulaa.mp3,romantic
"Samayama (From ""Hi Nanna"")",Anurag Kulkarni,,,Telugu,Telugu,,,,204,songs/anurag_kulkarni_samayama_from_hi_nanna.mp3,romantic
Sirivennela,Anurag Kulkarni,,,Telugu,Telugu,,Shyam Singha Roy (Original Motion Picture Soundtrack),,253,songs/anurag_kulkarni_sirivennela.mp3,romantic
Choosi Chudangane,Anurag Kulkarni,,,Telugu,Telugu,,,,202,songs/anurag_kulkarni_choosi_chudangane.mp3,romantic
Singles Anthem - Telugu,Anurag Kulkarni,,,Telugu,Telugu,,,,,songs/anurag_kulkarni_singles_anthem_telugu.mp3,romantic
Pranavalaya,Anurag Kulkarni,,,Telugu,Telugu,,Shyam Singha Roy (Original Motion Picture Soundtrack),,261,songs/anurag_kulkarni_pranavalaya.mp3,romantic
Nee Chitram Choosi,Anurag Kulkarni,,,Telugu,Telugu,,Love Story (Original Motion Picture Soundtrack),,261,songs/anurag_kulkarni_nee_chitram_choosi.mp3,romantic
Asha Pasham,Anurag Kulkarni,,,Telugu,Telugu,,Care Of Kancharapalem (Original Motion Picture Soundtrack),,260,songs/anurag_kulkarni_asha_pasham.mp3,romantic
"Sirivennela (From ""Shyam Singha Roy"")",Anurag Kulkarni,,,Telugu,Telugu,,"Sirivennela (From ""Shyam Singha Roy"") - Single",,253,songs/anurag_kulkarni_sirivennela_from_shyam_singha_roy.mp3,romantic
Samayama,Anurag Kulkarni,,,Telugu,Telugu,,,,,songs/anurag_kulkarni_samayama.mp3,romantic
Ninnele,Anurag Kulkarni,,,Telugu,Telugu,,Radhe Shyam(Telugu),,240,songs/anurag_kulkarni_ninnele.mp3,romantic
Aagi Aagi,Anurag Kulkarni,,,Telugu,Telugu,,Ee Nagaraniki Emaindi (Original Motion Picture Soundtrack),,408,songs/anurag_kulkarni_aagi_aagi.mp3,romantic
"Kallolam (From ""Padi Padi Leche Manasu"")",Anurag Kulkarni,,,Telugu,Telugu,,Top 20 Telugu Hits,,209,songs/anurag_kulkarni_kallolam_from_padi_padi_leche_manasu.mp3,romantic
Mahanati,Anurag Kulkarni,,,Telugu,Telugu,,Mahanati (Original Motion Picture Soundtrack),,,songs/anurag_kulkarni_mahanati.mp3,romantic
Arere Aakasham - Telugu,Anurag Kulkarni,,,Telugu,Telugu,,,,,songs/anurag_kulkarni_arere_aakasham_telugu.mp3,romantic
"Pranavalaya (From ""Shyam Singha Roy"")",Anurag Kulkarni,,,Telugu,Telugu,,"Pranavalaya (From ""Shyam Singha Roy"") - Single",,261,songs/anurag_kulkarni_pranavalaya_from_shyam_singha_roy.mp3,romantic
Kallolam,Anurag Kulkarni,,,Telugu,Telugu,,Padi Padi Leche Manasu (Original Motion Picture Soundtrack),,209,songs/anurag_kulkarni_kallolam.mp3,romantic
Sara Sari - Telugu,Anurag Kulkarni,,,Telugu,Telugu,,,,,songs/anurag_kulkarni_sara_sari_telugu.mp3,romantic
"Kanne Kanne (From ""Arjun Suravaram"")",Anurag Kulkarni,,,Telugu,Telugu,,Eenati Chitralahari,,290,songs/anurag_kulkarni_kanne_kanne_from_arjun_suravaram.mp3,romantic
Chukkala Chunni,Anurag Kulkarni,,,Telugu,Telugu,,Sr Kalyanamandapam (Original Motion Picture Soundtrack) - EP,,219,songs/anurag_kulkarni_chukkala_chunni.mp3,romantic
Kanne Kanne,Anurag Kulkarni,,,Telugu,Telugu,,Arjun Suravaram (Original Motion Picture Soundtrack),,290,songs/anurag_kulkarni_kanne_kanne.mp3,romantic
"Premalo (From ""Court"")",Anurag Kulkarni,,,Telugu,Telugu,,,,331,songs/anurag_kulkarni_premalo_from_court.mp3,romantic
Mellaga Tellarindoi,Anurag Kulkarni,,,Telugu,Telugu,,,,,songs/anurag_kulkarni_mellaga_tellarindoi.mp3,romantic
Vaaru Veeru,Anurag Kulkarni,,,Telugu,Telugu,,Devadas (Original Motion Picture Soundtrack),,266,songs/anurag_kulkarni_vaaru_veeru.mp3,romantic
Pillaa Raa(Background Score),Anurag Kulkarni,,,Telugu,Telugu,,,,,songs/anurag_kulkarni_pillaa_raabackground_score.mp3,romantic
Tanemandhe Tanemandhe,Anurag Kulkarni,,,Telugu,Telugu,,,,,songs/anurag_kulkarni_tanemandhe_tanemandhe.mp3,romantic
Masakali,Mohit Chauhan,,,Hindi,Hindi,,Delhi-6,,288,songs/mohit_chauhan_masakali.mp3,feel good
Guzarish,A.R. Rahman,,,Hindi,Hindi,,The Master Collection,,320,songs/ar_rahman_guzarish.mp3,feel good
Kajra Re,Shankar-Ehsaan-Loy,,,Hindi,Hindi,,,,,songs/shankar_ehsaan_loy_kajra_re.mp3,feel good
Maula Mere Maula,Roop Kumar Rathod,,,Hindi,Hindi,,Teri Deewani,,,songs/roop_kumar_rathod_maula_mere_maula.mp3,feel good
Mauja Hi Mauja,Pritam,,,Hindi,Hindi,,Jab We Met (Original Motion Picture Soundtrack),,245,songs/pritam_mauja_hi_mauja.mp3,feel good
Tum Hi Ho,Arijit Singh,,,Hindi,Hindi,,Aashiqui 2,,261,songs/arijit_singh_tum_hi_ho.mp3,feel good
Teri Deewani,Kailash Kher,,,Hindi,Hindi,,Kailasa,,323,songs/kailash_kher_teri_deewani.mp3,feel good
Pehli Nazar Mein,Atif Aslam,,,Hindi,Hindi,,Best of Atif Aslam,,,songs/atif_aslam_pehli_nazar_mein.mp3,feel good
Tere Bina,A.R. Rahman,,,Hindi,Hindi,,Essential - Chill Out,,312,songs/ar_rahman_tere_bina.mp3,feel good
Jaadu Teri Nazar,Udit Narayan,,,Hindi,Hindi,,Darr,,279,songs/udit_narayan_jaadu_teri_nazar.mp3,feel good
Saathiya,A.R. Rahman,,,Hindi,Hindi,,Best of A.R. Rahman: Melody King,,357,songs/ar_rahman_saathiya.mp3,feel good
Tera Chehra,Adnan Sami,,,Hindi,Hindi,,Tera Chehra,,153,songs/adnan_sami_tera_chehra.mp3,feel good
Meri Bheegi Bheegi Si,Kishore Kumar,,,Hindi,Hindi,,The Golden Collection,,246,songs/kishore_kumar_meri_bheegi_bheegi_si.mp3,feel good
Dil Laga Na,Pritam,,,Hindi,Hindi,,Dhoom D:1 And D:2,,304,songs/pritam_dil_laga_na.mp3,romantic
Teri Ore,Pritam,,,Hindi,Hindi,,Acche Din Acche Gaane,,339,songs/pritam_teri_ore.mp3,feel good
Tanha Dil,Shaan,,,Hindi,Hindi,,Bhool Ja,,293,songs/shaan_tanha_dil.mp3,romantic
Yaaron,KK,,,Hindi,Hindi,,Rockford (Original Motion Picture Soundtrack),,273,songs/kk_yaaron.mp3,feel good
Beedi,Vishal Bhardwaj,,,Hindi,Hindi,,Omkara - Special Edition,,350,songs/vishal_bhardwaj_beedi.mp3,feel good
Dum Maro Dum,Asha Bhosle,,,Hindi,Hindi,,The Best of Asha Bhosle: The Golden Voice of Bollywood,,194,songs/asha_bhosle_dum_maro_dum.mp3,feel good
Haule Haule,Sukhwinder Singh,,,Hindi,Hindi,,Rab Ne Bana Di Jodi,,266,songs/sukhwinder_singh_haule_haule.mp3,feel good
Iktara,Amit Trivedi,,,Hindi,Hindi,,Sufiana,,253,songs/amit_trivedi_iktara.mp3,feel good
Tera Nasha,The Bilz & Kashif,,,Hindi,Hindi,,Breaking Barriers,,248,songs/the_bilz_kashif_tera_nasha.mp3,feel good
Yeh Sham Mastani,Kishore Kumar,,,Hindi,Hindi,,Greatest Hits R D-Burman His Finest Ever,,276,songs/kishore_kumar_yeh_sham_mastani.mp3,feel good
Tune Jo Na Kaha,Mohit Chauhan,,,Hindi,Hindi,,New York,,310,songs/mohit_chauhan_tune_jo_na_kaha.mp3,feel good
Aye Khuda,Salim Merchant,,,Hindi,Hindi,,Paathshaala (Original Motion Picture Soundtrack),,280,songs/salim_merchant_aye_khuda.mp3,feel good
Aahun Aahun,Pritam,,,Hindi,Hindi,,Love Aaj Kal,,,songs/pritam_aahun_aahun.mp3,feel good
Jimmy Jimmy Jimmy Aaja,Parvati Khan,,,Hindi,Hindi,,Disco Nights,,182,songs/parvati_khan_jimmy_jimmy_jimmy_aaja.mp3,feel good
Kaise Mujhe,A.R. Rahman,,,Hindi,Hindi,,Crazy Love,,342,songs/ar_rahman_kaise_mujhe.mp3,feel good
Breathless,Shankar Mahadevan,,,Hindi,Hindi,,Breathless,,184,songs/shankar_mahadevan_breathless.mp3,feel good
Jhalak Dikhlaja,Himesh Reshammiya,,,Hindi,Hindi,,Aksar,,316,songs/himesh_reshammiya_jhalak_dikhlaja.mp3,feel good
Arziyan,Javed Ali,,,Hindi,Hindi,,Delhi-6 (Original Motion Picture Soundtrack),,519,songs/javed_ali_arziyan.mp3,feel good
Kal Ho Naa Ho,Sonu Nigam,,,Hindi,Hindi,,Kal Ho Naa Ho (Original Motion Picture Soundtrack),,323,songs/sonu_nigam_kal_ho_naa_ho.mp3,feel good
Dil Haara,Vishal-Shekhar,,,Hindi,Hindi,,,,351,songs/vishal_shekhar_dil_haara.mp3,romantic
Aaja Nachle,Sunidhi Chauhan,,,Hindi,Hindi,,Aaja Nachle,,305,songs/sunidhi_chauhan_aaja_nachle.mp3,feel good
Socha Hai,Farhan Akhtar,,,Hindi,Hindi,,Rock on!!,,251,songs/farhan_akhtar_socha_hai.mp3,feel good
Tum Se Hi,Pritam,,,Hindi,Hindi,,Jab We Met (Original Motion Picture Soundtrack),,321,songs/pritam_tum_se_hi.mp3,feel good
Bandeh,Indian Ocean,,,Hindi,Hindi,,Black Friday,,468,songs/indian_ocean_bandeh.mp3,feel good
Hai apna dil to aawara,Hemant Kumar,,,Hindi,Hindi,,From the Pen of Majrooh Sultanpuri,,261,songs/hemant_kumar_hai_apna_dil_to_aawara.mp3,romantic
Aao Milo Chalo,Pritam,,,Hindi,Hindi,,Jab We Met (Original Motion Picture Soundtrack),,325,songs/pritam_aao_milo_chalo.mp3,feel good
Lift Kara De,Adnan Sami,,,Hindi,Hindi,,Kabhi To Nazar Milao/Bheegi Bheegi raton Mein,,249,songs/adnan_sami_lift_kara_de.mp3,feel good
Bheegi Bheegi Raton Mein,Adnan Sami,,,Hindi,Hindi,,Kabhi To Nazar Milao/Bheegi Bheegi raton Mein,,358,songs/adnan_sami_bheegi_bheegi_raton_mein.mp3,feel good
Tere Mere Saath,Lucky Ali,,,Hindi,Hindi,,Aks,,272,songs/lucky_ali_tere_mere_saath.mp3,feel good
Tu Kaun Hai,Lucky Ali,,,Hindi,Hindi,,Aks,,243,songs/lucky_ali_tu_kaun_hai.mp3,feel good
Khwaja Mere Khwaja,A.R. Rahman,,,Hindi,Hindi,,Jodhaa Akbar,,,songs/ar_rahman_khwaja_mere_khwaja.mp3,feel good
Yeh Jo Des Hai Tera,A.R. Rahman,,,Hindi,Hindi,,Swades,,368,songs/ar_rahman_yeh_jo_des_hai_tera.mp3,feel good
Zara Sa Jhoom Loon Main,Asha Bhosle,,,Hindi,Hindi,,A Mighty Heart (Music From The Motion Picture),,353,songs/asha_bhosle_zara_sa_jhoom_loon_main.mp3,feel good
Kitni Haseen Zindagi,Lucky Ali,,,Hindi,Hindi,,Aks,,256,songs/lucky_ali_kitni_haseen_zindagi.mp3,feel good
Tunak Tunak Tun,Daler Mehndi,,,Hindi,Hindi,,Tunak Tunak Tun,,303,songs/daler_mehndi_tunak_tunak_tun.mp3,feel good
Aankhein Khuli,Jatin-Lalit,,,Hindi,Hindi,,,,,songs/jatin_lalit_aankhein_khuli.mp3,feel good
O Mere Dil Ke Chain,Kishore Kumar,,,Hindi,Hindi,,Greatest Hits R D-Burman His Finest Ever,,273,songs/kishore_kumar_o_mere_dil_ke_chain.mp3,romantic
Koi aanay wala hai,Strings,,,Hindi,Hindi,,Koi Aanay Wala Hai,,268,songs/strings_koi_aanay_wala_hai.mp3,feel good
Zindagi Ka Safar,Kishore Kumar,,,Hindi,Hindi,,"A Tribute to a Legend: Kishore Kumar, Volume 1",,239,songs/kishore_kumar_zindagi_ka_safar.mp3,feel good
Jhoom,Shankar Mahadevan,,,Hindi,Hindi,,Jhoom Barabar Jhoom (Original Motion Picture Soundtrack),,324,songs/shankar_mahadevan_jhoom.mp3,feel good
O Humdum Suniyo Re,A.R. Rahman,,,Hindi,Hindi,,,,236,songs/ar_rahman_o_humdum_suniyo_re.mp3,feel good
Jumme Ki Raat,Mika Singh,,,Hindi,Hindi,,Kick (Original Motion Picture Soundtrack),,273,songs/mika_singh_jumme_ki_raat.mp3,sleepy
Mana Janab Ne Pukara Nahin,Kishore Kumar,,,Hindi,Hindi,,Great Artiste Great Hits,,248,songs/kishore_kumar_mana_janab_ne_pukara_nahin.mp3,feel good
Dekha Hai Aise Bhi,Lucky Ali,,,Hindi,Hindi,,Sifar,,238,songs/lucky_ali_dekha_hai_aise_bhi.mp3,feel good
Chand Sifarish,Jatin-Lalit,,,Hindi,Hindi,,,,,songs/jatin_lalit_chand_sifarish.mp3,feel good
O Meri Jaan,KK,,,Hindi,Hindi,,Tum Mile,,276,songs/kk_o_meri_jaan.mp3,feel good
Main Hoon Don,Shaan,,,Hindi,Hindi,,Don,,330,songs/shaan_main_hoon_don.mp3,feel good
Tu Mile Dil Khile (remix),"Kumar Sanu, Alka Yagnik",,,Hindi,Hindi,,Tu Mile Dil Khile (remix),,332,songs/kumar_sanu_alka_yagnik_tu_mile_dil_khile_remix.mp3,romantic
Bholi Si Surat,Uttam Singh,,,Hindi,Hindi,,,,258,songs/uttam_singh_bholi_si_surat.mp3,happy
Aap Jaisa Koi,Nazia Hassan,,,Hindi,Hindi,,Best of Nazia Hassan,,247,songs/nazia_hassan_aap_jaisa_koi.mp3,feel good
Tera Mera Rishta,Mustafa Zahid,,,Hindi,Hindi,,Awarapan,,347,songs/mustafa_zahid_tera_mera_rishta.mp3,feel good
Kabhi Kabhi Aditi,Rashid Ali,,,Hindi,Hindi,,Jaane Tu... Ya Jaane Na (Original Motion Picture Soundtrack),,218,songs/rashid_ali_kabhi_kabhi_aditi.mp3,feel good
Aaja Nachle,Bally Sagoo,,,Hindi,Hindi,,Aaja Nachle,,395,songs/bally_sagoo_aaja_nachle.mp3,feel good
Humko Humise Chura Lo,Jatin-Lalit,,,Hindi,Hindi,,,,,songs/jatin_lalit_humko_humise_chura_lo.mp3,feel good
Agar Tum Mil Jao,Shreya Ghoshal,,,Hindi,Hindi,,Hi Honey,,360,songs/shreya_ghoshal_agar_tum_mil_jao.mp3,feel good
Lift Karadey,Adnan Sami,,,Hindi,Hindi,,Kabhi To Nazar Milao,,249,songs/adnan_sami_lift_karadey.mp3,feel good
Mera Naam Chin Chin Chu,Geeta Dutt,,,Hindi,Hindi,,Bollywood Bizarro,,268,songs/geeta_dutt_mera_naam_chin_chin_chu.mp3,feel good
Amplifier,Imran Khan,,,Hindi,Hindi,,Unforgettable,,145,songs/imran_khan_amplifier.mp3,feel good
Choo Lo,The Local train,,,Hindi,Hindi,,Aalas Ka Pedh,,233,songs/the_local_train_choo_lo.mp3,feel good
Om Mangalam,RDB,,,Hindi,Hindi,,Kambakkht Ishq,,264,songs/rdb_om_mangalam.mp3,feel good
Mausam,Mithoon,,,Hindi,Hindi,,The Train,,,songs/mithoon_mausam.mp3,feel good
Phir Se Ud Chala,Mohit Chauhan,,,Hindi,Hindi,,Rockstar (Original Motion Picture Soundtrack),,268,songs/mohit_chauhan_phir_se_ud_chala.mp3,feel good
Kabhi Khushi Kabhie Gham,Lata Mangeshkar,,,Hindi,Hindi,,Добро пожаловать в Болливуд,,475,songs/lata_mangeshkar_kabhi_khushi_kabhie_gham.mp3,happy
Jiya Lage Na,Sona Mohapatra,,,Hindi,Hindi,,,,,songs/sona_mohapatra_jiya_lage_na.mp3,feel good
Ye Ishq Hai,Pritam,,,Hindi,Hindi,,The Second Best Exotic Marigold Hotel (Original Motion Picture Soundtrack),,280,songs/pritam_ye_ishq_hai.mp3,romantic
Jab Se Tere Naina,Shaan,,,Hindi,Hindi,,Saawariya,,286,songs/shaan_jab_se_tere_naina.mp3,feel good
Jiya Dhadak Dhadak Jaye,Rahat Fateh Ali Khan,,,Hindi,Hindi,,Bollywood Box Set,,319,songs/rahat_fateh_ali_khan_jiya_dhadak_dhadak_jaye.mp3,feel good
Dil Haara,Sukhwinder Singh,,,Hindi,Hindi,,Tashan,,352,songs/sukhwinder_singh_dil_haara.mp3,romantic
"O Saki Saki (From ""Batla House"")",Vishal-Shekhar,,,Hindi,Hindi,,,,,songs/vishal_shekhar_o_saki_saki_from_batla_house.mp3,feel good
Pal,Javed-Mohsin,,,Hindi,Hindi,,Arijit Singh - India Tour Hits,,247,songs/javed_mohsin_pal.mp3,feel good
Phir Dekhiye,Caralisa Monteiro,,,Hindi,Hindi,,Rock on!!,,204,songs/caralisa_monteiro_phir_dekhiye.mp3,feel good
Chittiyaan Kalaiyaan,Meet Bros Anjjan,,,Hindi,Hindi,,Roy (Original Motion Picture Soundtrack),,246,songs/meet_bros_anjjan_chittiyaan_kalaiyaan.mp3,feel good
Khoon Chala,Mohit Chauhan,,,Hindi,Hindi,,Rang De Basanti,,187,songs/mohit_chauhan_khoon_chala.mp3,lonely
Ghanan Ghanan,A.R. Rahman,,,Hindi,Hindi,,Lagaan: Once Upon A Time In India,,371,songs/ar_rahman_ghanan_ghanan.mp3,feel good
Yeh Dil Na Hota Bechara,Kishore Kumar,,,Hindi,Hindi,,Great Artiste Great Hits,,268,songs/kishore_kumar_yeh_dil_na_hota_bechara.mp3,romantic
Khilte Hain Gul Yahan,Kishore Kumar,,,Hindi,Hindi,,"The Golden Collection - Kishore Kumar, Vol. 2",,242,songs/kishore_kumar_khilte_hain_gul_yahan.mp3,feel good
Woh Ladki Hai Kahan,Shankar-Ehsaan-Loy,,,Hindi,Hindi,,,,306,songs/shankar_ehsaan_loy_woh_ladki_hai_kahan.mp3,feel good
Ajab Si,KK,,,Hindi,Hindi,,Om Shanti Om,,242,songs/kk_ajab_si.mp3,feel good
Zara Zara,Bombay Jayashri,,,Hindi,Hindi,,R.H.T.D.M,,298,songs/bombay_jayashri_zara_zara.mp3,feel good
Bang Bang,Benny Dayal,,,Hindi,Hindi,,Bang Bang (Original Motion Picture Soundtrack),,320,songs/benny_dayal_bang_bang.mp3,feel good
"Ranjha (From ""Shershaah"")",Jasleen Royal,,,Hindi,Hindi,,,,,songs/jasleen_royal_ranjha_from_shershaah.mp3,feel good
Yakeen,Atif Aslam,,,Hindi,Hindi,,Jal Pari,,,songs/atif_aslam_yakeen.mp3,feel good
"Duniyaa (From ""Luka Chuppi"")",Akhil,,,Hindi,Hindi,,Feel-Good Tum Jo Aaye,,222,songs/akhil_duniyaa_from_luka_chuppi.mp3,feel good
Jee Le Zaraa,Vishal Dadlani,,,Hindi,Hindi,,Talaash,,217,songs/vishal_dadlani_jee_le_zaraa.mp3,feel good
Ainvayi Ainvayi,Salim–Sulaiman,,,Hindi,Hindi,,,,,songs/salimsulaiman_ainvayi_ainvayi.mp3,feel good
Labon Ko,Pritam,,,Hindi,Hindi,,Bhool Bhulaiyaa (Original Motion Picture Soundtrack),,341,songs/pritam_labon_ko.mp3,feel good
Dhoom Machale,Pritam,,,Hindi,Hindi,,Dhoom,,374,songs/pritam_dhoom_machale.mp3,feel good
Maahi Ve,Shankar-Ehsaan-Loy,,,Hindi,Hindi,,Kal Ho Naa Ho,,366,songs/shankar_ehsaan_loy_maahi_ve.mp3,feel good
Nagada Nagada,Pritam,,,Hindi,Hindi,,Jab We Met (Original Motion Picture Soundtrack),,228,songs/pritam_nagada_nagada.mp3,feel good
Gori Gori Gori Gori,Anu Malik,,,Hindi,Hindi,,,,,songs/anu_malik_gori_gori_gori_gori.mp3,feel good
Song: Maar Dala,Kavita Krishnamurthy,,,Hindi,Hindi,,"Devdas - An Adaptation Of Sarat Chandra Chattopadhyay's ""Devdas""",,246,songs/kavita_krishnamurthy_song_maar_dala.mp3,feel good
Jimmy,M.I.A.,,,Hindi,Hindi,,Kala,,207,songs/mia_jimmy.mp3,feel good
Crazy Kiya Re,Pritam,,,Hindi,Hindi,,Dhoom D:1 And D:2,,295,songs/pritam_crazy_kiya_re.mp3,feel good
Song: Bairi Piya,Udit Narayan,,,Hindi,Hindi,,"Devdas - An Adaptation of Sarat Chandra Chattopadhyay's ""Devdas"" (Original Soundtrack)",,319,songs/udit_narayan_song_bairi_piya.mp3,feel good
Jogi,Panjabi MC,,,Hindi,Hindi,,Jogi,,191,songs/panjabi_mc_jogi.mp3,feel good
Mujhko Yaad Sataye Teri,Himesh Reshammiya,,,Hindi,Hindi,,Phir Hera Pheri (Original Motion Picture Soundtrack),,279,songs/himesh_reshammiya_mujhko_yaad_sataye_teri.mp3,sad
Aaj Mera Jee Kardaa (Today My Heart Desires),Mychael Danna,,,Hindi,Hindi,,Le mariage des moussons (Mira Nair's Original Motion Picture Soundtrack),,311,songs/mychael_danna_aaj_mera_jee_kardaa_today_my_heart_desires.mp3,sad
Kal Ho Naa Ho,Shankar-Ehsaan-Loy,,,Hindi,Hindi,,Kal Ho Naa Ho,,321,songs/shankar_ehsaan_loy_kal_ho_naa_ho.mp3,feel good
Bole Chudiyan,Jatin-Lalit,,,Hindi,Hindi,,,,408,songs/jatin_lalit_bole_chudiyan.mp3,feel good
Chaiyya Chaiyya,Sukhwinder Singh & Sapna Awasthi,,,Hindi,Hindi,,Dil Se,,414,songs/sukhwinder_singh_sapna_awasthi_chaiyya_chaiyya.mp3,feel good
Pretty Woman,Shankar-Ehsaan-Loy,,,Hindi,Hindi,,Kal Ho Naa Ho,,353,songs/shankar_ehsaan_loy_pretty_woman.mp3,feel good
Dil Se Re,A.R. Rahman,,,Hindi,Hindi,,Dil Se,,405,songs/ar_rahman_dil_se_re.mp3,romantic
Deewangi Deewangi,Vishal-Shekhar,,,Hindi,Hindi,,,,,songs/vishal_shekhar_deewangi_deewangi.mp3,feel good
Dil Cheez Kya Hai,Asha Bhosle,,,Hindi,Hindi,,The Rough Guide To Bollywood Legends: Asha Bhosle,,360,songs/asha_bhosle_dil_cheez_kya_hai.mp3,romantic
Babuji Dheere Chalna,Geeta Dutt,,,Hindi,Hindi,,"Geeta Dutt, Vol. 1 (Bollywood Songs)",,180,songs/geeta_dutt_babuji_dheere_chalna.mp3,feel good
Mitwa,Shankar-Ehsaan-Loy,,,Hindi,Hindi,,,,382,songs/shankar_ehsaan_loy_mitwa.mp3,feel good
Rock On!!,Farhan Akhtar,,,Hindi,Hindi,,Rock On!!,,,songs/farhan_akhtar_rock_on.mp3,feel good
TRICKY HOUSE,xikers,,,Hindi,Hindi,,HOUSE OF TRICKY : Doorbell Ringing,,184,songs/xikers_tricky_house.mp3,feel good
Nagada Sang Dhol,Shreya Ghoshal,,,Hindi,Hindi,,,,273,songs/shreya_ghoshal_nagada_sang_dhol.mp3,feel good
Jai Ho,A.R. Rahman,,,Hindi,Hindi,,Slumdog Millionaire - Music From The Motion Picture,,318,songs/ar_rahman_jai_ho.mp3,feel good
PTT (Paint the Town),Loona,,,Hindi,Hindi,,PTT (Paint The Town),,254,songs/loona_ptt_paint_the_town.mp3,sad
It's the Time to Disco,Shankar-Ehsaan-Loy,,,Hindi,Hindi,,Indian Love Story - Lebe und denke nicht an morgen,,333,songs/shankar_ehsaan_loy_its_the_time_to_disco.mp3,party
Channo,Ali Zafar,,,Hindi,Hindi,,Huqa Pani,,283,songs/ali_zafar_channo.mp3,feel good
Maa,Shankar Mahadevan,,,Hindi,Hindi,,Taare Zameen Par (Original Motion Picture Soundtrack),,277,songs/shankar_mahadevan_maa.mp3,feel good
Chale Chalo,A.R. Rahman,,,Hindi,Hindi,,Best of A.R. Rahman: Melody King,,397,songs/ar_rahman_chale_chalo.mp3,feel good
Love Mera Hit Hit,Neeraj Shridhar,,,Hindi,Hindi,,,,,songs/neeraj_shridhar_love_mera_hit_hit.mp3,romantic
Zaalima,Arijit Singh,,,Hindi,Hindi,,Collection,,299,songs/arijit_singh_zaalima.mp3,feel good
Wada Na Tod,Lata Mangeshkar,,,Hindi,Hindi,,Eternal Sunshine of the Spotless Mind,,354,songs/lata_mangeshkar_wada_na_tod.mp3,feel good
Khuda Jaane,Vishal-Shekhar,,,Hindi,Hindi,,,,,songs/vishal_shekhar_khuda_jaane.mp3,feel good
Song: Dola Re,Kavita Krishnamurthy,,,Hindi,Hindi,,,,303,songs/kavita_krishnamurthy_song_dola_re.mp3,feel good
Noorie,Bally Sagoo,,,Hindi,Hindi,,Bollywood Flashback 2,,348,songs/bally_sagoo_noorie.mp3,feel good
My Dil Goes Mmmm,Vishal-Shekhar,,,Hindi,Hindi,,,,,songs/vishal_shekhar_my_dil_goes_mmmm.mp3,romantic
San Sanana,Anu Malik,,,Hindi,Hindi,,,,355,songs/anu_malik_san_sanana.mp3,feel good
Tum Se Hi,Mohit Chauhan,,,Hindi,Hindi,,Jab We Met,,321,songs/mohit_chauhan_tum_se_hi.mp3,feel good
Ek Dil Ek Jaan,Shivam Pathak,,,Hindi,Hindi,,Padmaavat (Original Motion Picture Soundtrack),,219,songs/shivam_pathak_ek_dil_ek_jaan.mp3,romantic
Tere Bina Jiya Jaaye Na,Sunidhi Chauhan,,,Hindi,Hindi,,Ek Ladki Ko Dekha - Love Mixes,,303,songs/sunidhi_chauhan_tere_bina_jiya_jaaye_na.mp3,feel good
Chhabeela,Alka Yagnik,,,Hindi,Hindi,,Saawariya,,323,songs/alka_yagnik_chhabeela.mp3,feel good
Thode Badmash,Shreya Ghoshal,,,Hindi,Hindi,,,,199,songs/shreya_ghoshal_thode_badmash.mp3,feel good
Chura Liya,Bally Sagoo,,,Hindi,Hindi,,Bollywood Flashback 2,,234,songs/bally_sagoo_chura_liya.mp3,feel good
Galliyan,Ankit Tiwari,,,Hindi,Hindi,,Ek Villain,,340,songs/ankit_tiwari_galliyan.mp3,feel good
Ruk Ja O Dil Deewane,Udit Narayan,,,Hindi,Hindi,,Your Favourite Hits of Udit Narayan,,312,songs/udit_narayan_ruk_ja_o_dil_deewane.mp3,romantic
Raat Ka Nasha,Chitra,,,Hindi,Hindi,,,,311,songs/chitra_raat_ka_nasha.mp3,sleepy
Chaiyya Chaiyya,A.R. Rahman,,,Hindi,Hindi,,Bombay Dreams,,311,songs/ar_rahman_chaiyya_chaiyya.mp3,feel good
Jaane Kyun,Vishal Dadlani,,,Hindi,Hindi,,Dostana (Original Motion Picture Soundtrack),,277,songs/vishal_dadlani_jaane_kyun.mp3,feel good
Chhoti Si Kahani Se,Asha Bhosle,,,Hindi,Hindi,,Ijaazat,,433,songs/asha_bhosle_chhoti_si_kahani_se.mp3,feel good
Teri Galiyon Mein,Mohammed Rafi,,,Hindi,Hindi,,Legends - Mohd. Rafi - The Virtuoso - 5,,273,songs/mohammed_rafi_teri_galiyon_mein.mp3,feel good
Jaane Kyon,Shankar-Ehsaan-Loy,,,Hindi,Hindi,,,,289,songs/shankar_ehsaan_loy_jaane_kyon.mp3,feel good
Watan Walo (Indian/Soundtrack Version),Roop Kumar Rathod,,,Hindi,Hindi,,Mere Deshpremiyo,,400,songs/roop_kumar_rathod_watan_walo_indiansoundtrack_version.mp3,feel good
Ye Ishq Ha,Shreya Ghoshal,,,Hindi,Hindi,,Baila Habibi 5,,280,songs/shreya_ghoshal_ye_ishq_ha.mp3,romantic
Main Agar Kahoon,Vishal-Shekhar,,,Hindi,Hindi,,,,,songs/vishal_shekhar_main_agar_kahoon.mp3,feel good
Titli,Vishal-Shekhar,,,Hindi,Hindi,,,,364,songs/vishal_shekhar_titli.mp3,feel good
Tere Naina,Shafqat Amanat Ali,,,Hindi,Hindi,,Sufiana,,278,songs/shafqat_amanat_ali_tere_naina.mp3,feel good
Mera Joota Hai Japani,Mukesh,,,Hindi,Hindi,,Priceless Gems - Mukesh Sings for Raj Kapoor (Vol. 1),,226,songs/mukesh_mera_joota_hai_japani.mp3,feel good
Bom Diggy Diggy,Zack Knight,,,Hindi,Hindi,,Sonu Ke Titu Ki Sweety (Original Motion Picture Soundtrack),,238,songs/zack_knight_bom_diggy_diggy.mp3,feel good
Chalte Chalte,Jatin-Lalit,,,Hindi,Hindi,,Fresh Melodious Vol-1,,298,songs/jatin_lalit_chalte_chalte.mp3,feel good
Phir Bhi Dil Hai Hindustani,Udit Narayan,,,Hindi,Hindi,,Phir Bhi Dil Hai Hindustani,,234,songs/udit_narayan_phir_bhi_dil_hai_hindustani.mp3,romantic
Mitwa,"Shafqat Amanat Ali, Shankar Mahadevan, Caralisa",,,Hindi,Hindi,,,,,songs/shafqat_amanat_ali_shankar_mahadevan_caralisa_mitwa.mp3,feel good
Hadippa,Mika Singh,,,Hindi,Hindi,,Dil Bole Hadippa (Original Soundtrack),,246,songs/mika_singh_hadippa.mp3,feel good
Azeem-O-Shaan Shahenshah,A.R. Rahman,,,Hindi,Hindi,,,,,songs/ar_rahman_azeem_o_shaan_shahenshah.mp3,feel good
Chakna Chakna,Himesh Reshammiya,,,Hindi,Hindi,,Namastey London,,285,songs/himesh_reshammiya_chakna_chakna.mp3,feel good
Kajra Re,Alisha Chinai,,,Hindi,Hindi,,,,482,songs/alisha_chinai_kajra_re.mp3,feel good
Tumhe Jo Maine Dekha,Anu Malik,,,Hindi,Hindi,,,,,songs/anu_malik_tumhe_jo_maine_dekha.mp3,feel good
Tujh Mein Rab Dikhta Hai,Roop Kumar Rathod,,,Hindi,Hindi,,Rab Ne Bana Di Jodi,,,songs/roop_kumar_rathod_tujh_mein_rab_dikhta_hai.mp3,feel good
Main Hoon Na (Sad),Anu Malik,,,Hindi,Hindi,,,,,songs/anu_malik_main_hoon_na_sad.mp3,sad
Hale Dil,Harshit Saxena,,,Hindi,Hindi,,Murder 2 (Original Motion Picture Soundtrack),,348,songs/harshit_saxena_hale_dil.mp3,romantic
Tu Kaun Kahan Se Aayi Hai,Udit Narayan,,,Hindi,Hindi,,,,,songs/udit_narayan_tu_kaun_kahan_se_aayi_hai.mp3,feel good
Aarambh,Piyush Mishra,,,Hindi,Hindi,,Gulaal (Original Motion Picture Soundtrack),,295,songs/piyush_mishra_aarambh.mp3,feel good
Yeh Jism,Ali Azmat,,,Hindi,Hindi,,Jism 2,,230,songs/ali_azmat_yeh_jism.mp3,feel good
Maula,Ali Azmat,,,Hindi,Hindi,,Jism 2,,308,songs/ali_azmat_maula.mp3,feel good
Sheher,Swanand Kirkire,,,Hindi,Hindi,,,,,songs/swanand_kirkire_sheher.mp3,feel good
Hona Hai Kya,Ram Sampath,,,Hindi,Hindi,,Talaash,,285,songs/ram_sampath_hona_hai_kya.mp3,feel good
Beedo,Rekha Bhardwaj,,,Hindi,Hindi,,Gulaal (Original Motion Picture Soundtrack),,301,songs/rekha_bhardwaj_beedo.mp3,feel good
Kal Ho Naa Ho,Shankar Ehsaan Loy feat. Sonu Nigam,,,Hindi,Hindi,,,,,songs/shankar_ehsaan_loy_feat_sonu_nigam_kal_ho_naa_ho.mp3,feel good
Taar Bijli,Padmashree Sharda Sinha,,,Hindi,Hindi,,Gangs of Wasseypur 2 (Original Motion Picture Soundtrack),,412,songs/padmashree_sharda_sinha_taar_bijli.mp3,feel good
Genda Phool,"Rekha Bharadwaj, Shraddha Pandit, Sujata Majumdar",,,Hindi,Hindi,,,,,songs/rekha_bharadwaj_shraddha_pandit_sujata_majumdar_genda_phool.mp3,feel good
Bahut Khoob,Kids Of Musahar Village,,,Hindi,Hindi,,Gangs Of Wasseypur 2,,120,songs/kids_of_musahar_village_bahut_khoob.mp3,lonely
Ladki Badi Anjaani Hai,"Kumar Sanu, Alka Yagnik",,,Hindi,Hindi,,,,,songs/kumar_sanu_alka_yagnik_ladki_badi_anjaani_hai.mp3,feel good
Main Jahaan Rahoon,Rahat Fateh Ali Khan & Krishna,,,Hindi,Hindi,,,,,songs/rahat_fateh_ali_khan_krishna_main_jahaan_rahoon.mp3,feel good
Kabira - www.Songs.PK,Arijit Singh & Harshjeep,,,Hindi,Hindi,,,,,songs/arijit_singh_harshjeep_kabira_wwwsongspk.mp3,feel good
Show 3,Bollywood's Best with Neel and Esha on www.chutneyradio.com,,,Hindi,Hindi,,,,,songs/bollywoods_best_with_neel_and_esha_on_wwwchutneyradiocom_show_3.mp3,feel good
Goom Hai Kisi Ke Pyar Mein,Kishore Kumar & Lata Mangeshkar,,,Hindi,Hindi,,Greatest Hits R D-Burman His Finest Ever,,,songs/kishore_kumar_lata_mangeshkar_goom_hai_kisi_ke_pyar_mein.mp3,feel good
"Tujhe Kitna Chahne Lage (From ""Kabir Singh"")",Arijit Singh,,,Hindi,Hindi,,Celebrating World Music Day 2021 - Music Dil Se Dil Tak,,284,songs/arijit_singh_tujhe_kitna_chahne_lage_from_kabir_singh.mp3,romantic
Mast Magan,Arijit Singh,,,Hindi,Hindi,,Soulful Voice,,,songs/arijit_singh_mast_magan.mp3,romantic
"Mast Magan (From ""2 States"")",Arijit Singh,,,Hindi,Hindi,,Best of Arijit Singh - Revisited,,280,songs/arijit_singh_mast_magan_from_2_states.mp3,romantic
"Satranga (From ""ANIMAL"")",Arijit Singh,,,Hindi,Hindi,,Vanga Vibes,,271,songs/arijit_singh_satranga_from_animal.mp3,romantic
"Humdard (From ""Ek Villain"")",Arijit Singh,,,Hindi,Hindi,,Love Forever With Arijit Singh,,260,songs/arijit_singh_humdard_from_ek_villain.mp3,sad
Sooraj Dooba Hain,Arijit Singh,,,Hindi,Hindi,,Romantic Songs,,264,songs/arijit_singh_sooraj_dooba_hain.mp3,romantic
"Sooraj Dooba Hain (From ""Roy"")",Arijit Singh,,,Hindi,Hindi,,New Year Party Bangers,,264,songs/arijit_singh_sooraj_dooba_hain_from_roy.mp3,romantic
"Kabhi Jo Baadal Barse (From ""Jackpot)",Arijit Singh,,,Hindi,Hindi,,Love Dose Arijit Singh,,254,songs/arijit_singh_kabhi_jo_baadal_barse_from_jackpot.mp3,romantic
"Tum Hi Ho (From ""Aashiqui 2"")",Arijit Singh,,,Hindi,Hindi,,Best of Arijit Singh - Revisited,,261,songs/arijit_singh_tum_hi_ho_from_aashiqui_2.mp3,romantic
"Mast Magan (From ""2 States)",Arijit Singh,,,Hindi,Hindi,,Love Dose Arijit Singh,,280,songs/arijit_singh_mast_magan_from_2_states.mp3,romantic
Humdard,Arijit Singh,,,Hindi,Hindi,,Ek Villain,,260,songs/arijit_singh_humdard.mp3,sad
"Itni Si Baat Hain (From ""Azhar"")",Arijit Singh,,,Hindi,Hindi,,Love Forever With Arijit Singh,,294,songs/arijit_singh_itni_si_baat_hain_from_azhar.mp3,romantic
"Tose Naina (From ""Mickey Virus)",Arijit Singh,,,Hindi,Hindi,,Love Dose Arijit Singh,,263,songs/arijit_singh_tose_naina_from_mickey_virus.mp3,romantic
Ve Maahi,Arijit Singh,,,Hindi,Hindi,,Kesari,,223,songs/arijit_singh_ve_maahi.mp3,romantic
Kabhi Jo Baadal Barse,Arijit Singh,,,Hindi,Hindi,,Jackpot,,254,songs/arijit_singh_kabhi_jo_baadal_barse.mp3,romantic
"Main Tera Boyfriend (From ""Raabta"")",Arijit Singh,,,Hindi,Hindi,,"The Best of Arijit Singh & Neha Kakkar, Vol. 2",,276,songs/arijit_singh_main_tera_boyfriend_from_raabta.mp3,romantic
Evano Oruvan,Swarnalatha,,,Tamil,Tamil,,Alaipayuthey (Original Motion Picture Soundtrack),,345,songs/swarnalatha_evano_oruvan.mp3,feel good
"Katchi Sera - From ""Think Indie""",Sai Abhyankkar,,,Tamil,Tamil,,,,,songs/sai_abhyankkar_katchi_sera_from_think_indie.mp3,feel good
"Aasa Kooda - From ""Think Indie""",Sai Abhyankkar,,,Tamil,Tamil,,,,,songs/sai_abhyankkar_aasa_kooda_from_think_indie.mp3,feel good
"Oorum Blood - From ""Dude""",Sai Abhyankkar,,,Tamil,Tamil,,,,,songs/sai_abhyankkar_oorum_blood_from_dude.mp3,feel good
Karuppaana Kai,TamilBeat.Com,,,Tamil,Tamil,,,,,songs/tamilbeatcom_karuppaana_kai.mp3,feel good
Kannukkul Kannai,Naresh Iyer,,,Tamil,Tamil,,Vinnaithaandi Varuvaayaa,,232,songs/naresh_iyer_kannukkul_kannai.mp3,feel good
Mental Manadhil,A.R. Rahman,,,Tamil,Tamil,,,,210,songs/ar_rahman_mental_manadhil.mp3,feel good
Pachai Nirame,Hariharan,,,Tamil,Tamil,,Alaipayuthey (Original Motion Picture Soundtrack),,358,songs/hariharan_pachai_nirame.mp3,feel good
Mundhinam,"Naresh Iyer, Prashanthini",,,Tamil,Tamil,,Vaaranam Aayiram,,343,songs/naresh_iyer_prashanthini_mundhinam.mp3,feel good
Osaka Muraiya,Karthik Raja,,,Tamil,Tamil,,,,,songs/karthik_raja_osaka_muraiya.mp3,feel good
"Tum Tum (From ""Enemy - Tamil"")",Thaman S,,,Tamil,Tamil,,,,,songs/thaman_s_tum_tum_from_enemy_tamil.mp3,feel good
"Kannukulla - From ""Dude""",Sai Abhyankkar,,,Tamil,Tamil,,,,,songs/sai_abhyankkar_kannukulla_from_dude.mp3,feel good
Kanave Kanave,Anirudh Ravichander,,,Tamil,Tamil,,,,,songs/anirudh_ravichander_kanave_kanave.mp3,feel good
Kadal Kadal (Language: Tamil; Film: Kadhal Dot Com),Hariharan,,,Tamil,Tamil,,,,,songs/hariharan_kadal_kadal_language_tamil_film_kadhal_dot_com.mp3,sad
Enna Solla Pogirai,Shankar Mahadevan,,,Tamil,Tamil,,Kandukondain Kandukondain,,359,songs/shankar_mahadevan_enna_solla_pogirai.mp3,feel good
Oru Maalai,Karthik,,,Tamil,Tamil,,Ghajini (Original Motion Picture Soundtrack) - EP,,354,songs/karthik_oru_maalai.mp3,feel good
"Azhagana Rakshasiyea (Language: Tamil; Film: Kadalar Dhinam; Film Artists: Kunal, Sonali Bindre)",SPB,,,Tamil,Tamil,,,,,songs/spb_azhagana_rakshasiyea_language_tamil_film_kadalar_dhinam_film.mp3,feel good
Aaruyire,A.R. Rahman,,,Tamil,Tamil,,,,308,songs/ar_rahman_aaruyire.mp3,feel good
Unnai Kaanadhu Naan,Shankar-Ehsaan-Loy,,,Tamil,Tamil,,,,,songs/shankar_ehsaan_loy_unnai_kaanadhu_naan.mp3,feel good
"Oru Maalai (Language: Tamil; Film: Ghajini; Film Artists: Surya, Asin)",Karthik,,,Tamil,Tamil,,Ghajini,,353,songs/karthik_oru_maalai_language_tamil_film_ghajini_film_artists_surya_as.mp3,feel good
Mazhai Kuruvi,A.R. Rahman,,,Tamil,Tamil,,The Ultimate Feel Good Mixtape,,349,songs/ar_rahman_mazhai_kuruvi.mp3,feel good
"Eppadi Vandhaayo (From ""Aaromaley"")",Siddhu Kumar,,,Tamil,Tamil,,,,,songs/siddhu_kumar_eppadi_vandhaayo_from_aaromaley.mp3,feel good
"Neethanae (From ""Mersal"")",A.R. Rahman,,,Tamil,Tamil,,,,,songs/ar_rahman_neethanae_from_mersal.mp3,romantic
Munbe Vaa,Naresh Iyer,,,Tamil,Tamil,,A.R.RAHMAN VIBRATION,,357,songs/naresh_iyer_munbe_vaa.mp3,feel good
Unakkul Naane,Pritt,,,Tamil,Tamil,,Unakkul Naane,,127,songs/pritt_unakkul_naane.mp3,feel good
"Verappa - From ""Karuppu""",Sai Abhyankkar,,,Tamil,Tamil,,,,,songs/sai_abhyankkar_verappa_from_karuppu.mp3,feel good
Enjoy Enjaami,Dhee,,,Tamil,Tamil,,Enjoy Enjaami,,280,songs/dhee_enjoy_enjaami.mp3,happy
New York Nagaram,A.R. Rahman,,,Tamil,Tamil,,A. R. Rahman Vibration,,378,songs/ar_rahman_new_york_nagaram.mp3,feel good
Pogadhe,Yuvan Shankar Raja,,,Tamil,Tamil,,Deepavali (Original Motion Picture Soundtrack),,330,songs/yuvan_shankar_raja_pogadhe.mp3,feel good
"Poi Solla (Language: Tamil; Film: April Madhathil; Film Artists: Srikanth, Sneha)",Yuvan Shankar Raja,,,Tamil,Tamil,,,,,songs/yuvan_shankar_raja_poi_solla_language_tamil_film_april_madhathil_film_artists_s.mp3,feel good
Mallipoo,A.R. Rahman,,,Tamil,Tamil,,,,,songs/ar_rahman_mallipoo.mp3,feel good
Kaalam Kalikaalam,Bharadwaj,,,Tamil,Tamil,,,,,songs/bharadwaj_kaalam_kalikaalam.mp3,feel good
"Jinguchaa (From ""Thug Life"")",Vaishali Samant,,,Tamil,Tamil,,,,,songs/vaishali_samant_jinguchaa_from_thug_life.mp3,feel good
Jothi Nerainchavaa,Sukhwindar Singh,,,Tamil,Tamil,,,,,songs/sukhwindar_singh_jothi_nerainchavaa.mp3,feel good
Vinnaithaandi Varuvaayaa,A.R. Rahman,,,Tamil,Tamil,,,,246,songs/ar_rahman_vinnaithaandi_varuvaayaa.mp3,feel good
Pudhu Vellai Mazhai,Unni Menon,,,Tamil,Tamil,,Take It Easy - A R Rahman Tamil Hits,,313,songs/unni_menon_pudhu_vellai_mazhai.mp3,feel good
Jorthaale,Asal Kolaar,,,Tamil,Tamil,,Jorthaale - Single,,138,songs/asal_kolaar_jorthaale.mp3,feel good
Raja Raja Chozhan,K. J. Yesudas,,,Tamil,Tamil,,,,295,songs/k_j_yesudas_raja_raja_chozhan.mp3,feel good
Anbe Aaruyire,Rahman A R,,,Tamil,Tamil,,,,,songs/rahman_a_r_anbe_aaruyire.mp3,feel good
Koi Kahe Kehta Rahe,Shankar-Ehsaan-Loy,,,Tamil,Tamil,,,,346,songs/shankar_ehsaan_loy_koi_kahe_kehta_rahe.mp3,feel good
Endrendrum Punnagai,"Praveen, Shankar Mahadevan",,,Tamil,Tamil,,,,,songs/praveen_shankar_mahadevan_endrendrum_punnagai.mp3,feel good
Rangola,Shankar Mahadevan,,,Tamil,Tamil,,,,266,songs/shankar_mahadevan_rangola.mp3,feel good
Naan Erikarai,Ilaiyaraaja,,,Tamil,Tamil,,,,,songs/ilaiyaraaja_naan_erikarai.mp3,feel good
Kodu Poatta,A.R. Rahman,,,Tamil,Tamil,,,,274,songs/ar_rahman_kodu_poatta.mp3,feel good
Kaattu Sirukki,A.R. Rahman,,,Tamil,Tamil,,,,353,songs/ar_rahman_kaattu_sirukki.mp3,feel good
Vennilavae Vennilavae,"Hariharan, Sadhana Sargam",,,Tamil,Tamil,,Minsara Kanavu,,355,songs/hariharan_sadhana_sargam_vennilavae_vennilavae.mp3,feel good
"Kaadhal kaditham (From ""Jodi"")",Unni Menon,,,Tamil,Tamil,,Prashanth Special Hits,,297,songs/unni_menon_kaadhal_kaditham_from_jodi.mp3,romantic
Hey Good Bye Nanba,"Sunitha Sarathy, Shankar Mahadevan",,,Tamil,Tamil,,,,,songs/sunitha_sarathy_shankar_mahadevan_hey_good_bye_nanba.mp3,feel good
Pachchai Nirame,"Clinton, Hariharan",,,Tamil,Tamil,,,,,songs/clinton_hariharan_pachchai_nirame.mp3,feel good
"Rasa Rasa (Language: Tamil; Film: Manasthan; Film Artists: Sarath Kumar, Sakshi)",Chithra,,,Tamil,Tamil,,,,,songs/chithra_rasa_rasa_language_tamil_film_manasthan_film_artists_sarath_.mp3,feel good
Alaipayuthey Kanna,"Harini, Kalyani Menon, Neyveli Ramalakshmi",,,Tamil,Tamil,,,,,songs/harini_kalyani_menon_neyveli_ramalakshmi_alaipayuthey_kanna.mp3,feel good
Quarantine Love Mashup,MD Musiq,,,Tamil,Tamil,,,,,songs/md_musiq_quarantine_love_mashup.mp3,romantic
Thalli Pogathey,A.R. Rahman,,,Tamil,Tamil,,,,,songs/ar_rahman_thalli_pogathey.mp3,feel good
Unna Ninaichaen,SP. Balasubramaniam,,,Tamil,Tamil,,,,,songs/sp_balasubramaniam_unna_ninaichaen.mp3,feel good
Yaro Yarodi,"Mahalakshmi Iyer, Richa Sharma, Vaishali",,,Tamil,Tamil,,,,,songs/mahalakshmi_iyer_richa_sharma_vaishali_yaro_yarodi.mp3,feel good
Janani,Ilaiyaraaja,,,Tamil,Tamil,,Ilaiyaraaja's Music Journey: Live in Italy,,488,songs/ilaiyaraaja_janani.mp3,feel good
"thandhai thAi, Muthu Thandavar",Dhanya Subramanian,,,Tamil,Tamil,,,,,songs/dhanya_subramanian_thandhai_thai_muthu_thandavar.mp3,feel good
Theepidika Theepidika,"Anushka, Premji",,,Tamil,Tamil,,,,,songs/anushka_premji_theepidika_theepidika.mp3,feel good
"vandE mAtaram (rAga mAlika), Subramanya Bharathy",Dhanya Subramanian,,,Tamil,Tamil,,,,,songs/dhanya_subramanian_vande_mataram_raga_malika_subramanya_bharathy.mp3,devotional
Naan Varuvene,A.R. Rahman,,,Tamil,Tamil,,Raavanan (Original Motion Picture Soundtrack),,299,songs/ar_rahman_naan_varuvene.mp3,feel good
"Gnapagam Varuthae (Language: Tamil; Film: Pudukkottaielerunthusaravanan; Film Artists: Dhanush, Aparna)",Bharadwaj,,,Tamil,Tamil,,,,,songs/bharadwaj_gnapagam_varuthae_language_tamil_film_pudukkottaielerunthusa.mp3,feel good
Kanave (Dream),DJSIRAN,,,Tamil,Tamil,,Lankan Tunez Tamil Remix,,229,songs/djsiran_kanave_dream.mp3,feel good
Three in One (Introduction),Ilaiyaraaja,,,Tamil,Tamil,,Ilaiyaraaja's Music Journey: Live in Italy,,216,songs/ilaiyaraaja_three_in_one_introduction.mp3,feel good
"Rahatulla (Language: Tamil; Film: Ghajini; Film Artists: Surya, Asin)",Anupama,,,Tamil,Tamil,,,,,songs/anupama_rahatulla_language_tamil_film_ghajini_film_artists_surya_asi.mp3,feel good
"Ammavum Naane (Language: Tamil; Film: Gajendra; Film Artists: Vijayakanth, Sneha)",Srinivas,,,Tamil,Tamil,,,,,songs/srinivas_ammavum_naane_language_tamil_film_gajendra_film_artists_vija.mp3,feel good
Good Time,Alpha Something,,,Tamil,Tamil,,,,,songs/alpha_something_good_time.mp3,feel good
Nee Dhaane,Alpha Something,,,Tamil,Tamil,,Venba (Original Video Game Soundtrack),,271,songs/alpha_something_nee_dhaane.mp3,romantic
Pachchai Nirame,"Kalyani Menon, Harini & Neyveli Ramalakshmi, Swarnalatha, S . P. B. Charan & Naveen, Hariharan & Clinton, Asha Bhonsle & Shankar Mahadevan, Sadhana Sargam & Sreenivas, Mahalakshmi, Vaishali, Richa Sharma, Praveen, Shankar, Clinton, Sreenivas",,,Tamil,Tamil,,,,,songs/kalyani_menon_harini_neyveli_ramalakshmi_swarnalatha_s_p_b_c_pachchai_nirame.mp3,feel good
Mayilirage,"Madhushree, Naresh Iyer",,,Tamil,Tamil,,,,,songs/madhushree_naresh_iyer_mayilirage.mp3,feel good
Unnaithane (K.J. Yesudas & Manjula) (Language: Tamil; Film: Nallavanukku Nallavan; Film Artists: Rajni Kanth),K.J. Yesudas,,,Tamil,Tamil,,,,,songs/kj_yesudas_unnaithane_kj_yesudas_manjula_language_tamil_film_nallavanuk.mp3,feel good
Thazhuvudu Nazhuvudu,"Balasubramanyam S P, Shreya Ghosal",,,Tamil,Tamil,,,,,songs/balasubramanyam_s_p_shreya_ghosal_thazhuvudu_nazhuvudu.mp3,feel good
Dol Dol Dolare,"Blazee, Shaheen",,,Tamil,Tamil,,,,,songs/blazee_shaheen_dol_dol_dolare.mp3,feel good
"Nijama Nijama (Language: Tamil; Film: Virumbukiren; Film Artists: Prashanth, Sneha)",Sadhana Sargam,,,Tamil,Tamil,,,,,songs/sadhana_sargam_nijama_nijama_language_tamil_film_virumbukiren_film_artists_.mp3,feel good
Kathali Kathali,Malaysia Vasudevan,,,Tamil,Tamil,,,,,songs/malaysia_vasudevan_kathali_kathali.mp3,feel good
Pudhu Vellai Mazhai,A.R. Rahman,,,Tamil,Tamil,,,,317,songs/ar_rahman_pudhu_vellai_mazhai.mp3,feel good
Adhareeni,A.R. Rahman,,,Tamil,Tamil,,,,,songs/ar_rahman_adhareeni.mp3,feel good
Aatharam Enakkonden (Language: Tamil),Chitra,,,Tamil,Tamil,,,,,songs/chitra_aatharam_enakkonden_language_tamil.mp3,feel good
Nenjam Ellam Kadhal,"Adnan Sami, Sujatha",,,Tamil,Tamil,,,,,songs/adnan_sami_sujatha_nenjam_ellam_kadhal.mp3,sad
Mainaru Vetti Katti,Santhosh Narayanan,,,Tamil,Tamil,,,,,songs/santhosh_narayanan_mainaru_vetti_katti.mp3,feel good
Onnu Rendu Moo,"Grace, Jassie Gift, Mukesh, Vadivelu",,,Tamil,Tamil,,,,,songs/grace_jassie_gift_mukesh_vadivelu_onnu_rendu_moo.mp3,feel good
Poove Poove Sollidu,Vijay Antony,,,Tamil,Tamil,,Rasikkum Seemane,,139,songs/vijay_antony_poove_poove_sollidu.mp3,feel good
"En Kannodu (Language: Tamil; Film: Azagki; Film Artists: Parthiban, Nandita Dass)",Yuvan,,,Tamil,Tamil,,,,,songs/yuvan_en_kannodu_language_tamil_film_azagki_film_artists_parthiban.mp3,feel good
"Kangal Kandadhu (Language: Tamil; Film: Oru Kalluriyin Kadhai; Film Artists: Arya, Sonia Agarwal)",Ranjith,,,Tamil,Tamil,,,,,songs/ranjith_kangal_kandadhu_language_tamil_film_oru_kalluriyin_kadhai_fi.mp3,feel good
Hey Salaa,"Blaaze, Naresh Iyyar, Mohd. Aslam",,,Tamil,Tamil,,,,,songs/blaaze_naresh_iyyar_mohd_aslam_hey_salaa.mp3,feel good
Hosanna,"Vijay Prakash, Suzanne D'Mello & Blaaze",,,Tamil,Tamil,,,,,songs/vijay_prakash_suzanne_dmello_blaaze_hosanna.mp3,feel good
Chellakileye,Ranjith Govind,,,Tamil,Tamil,,,,,songs/ranjith_govind_chellakileye.mp3,feel good
Mental Manadhil,A.R. Rahman & Jonita Gandhi,,,Tamil,Tamil,,,,,songs/ar_rahman_jonita_gandhi_mental_manadhil.mp3,feel good
Pistah,Shabareesh Varma,,,Tamil,Tamil,,Neram,,146,songs/shabareesh_varma_pistah.mp3,feel good
Music Bit,Devi Sri Prasad,,,Tamil,Tamil,,,,46,songs/devi_sri_prasad_music_bit.mp3,feel good
Markazhi Thingal,Unnikrishnan,,,Tamil,Tamil,,Sangamam (Original Motion Picture Soundtrack),,415,songs/unnikrishnan_markazhi_thingal.mp3,feel good
Kedakkari,A.R. Rahman,,,Tamil,Tamil,,,,,songs/ar_rahman_kedakkari.mp3,feel good
Lajjavathiye Ennai Asathu,Jassie Gift,,,Tamil,Tamil,,,,,songs/jassie_gift_lajjavathiye_ennai_asathu.mp3,feel good
Raha Laska Fik,Hindi,,,Tamil,Tamil,,Hindi,,300,songs/hindi_raha_laska_fik.mp3,feel good
Rangu Rangamma,Harris Jayaraj,,,Tamil,Tamil,,,,,songs/harris_jayaraj_rangu_rangamma.mp3,feel good
Pessamal,Amrita Jayakumar,,,Tamil,Tamil,,,,,songs/amrita_jayakumar_pessamal.mp3,feel good
Poi solla intha,Yuvan Shankar Raja,,,Tamil,Tamil,,,,,songs/yuvan_shankar_raja_poi_solla_intha.mp3,feel good
Kandukondain Kandukondain,A.R. Rahman,,,Tamil,Tamil,,iRahman - 15 Essential Tracks: Vol. 1 Tamil,,317,songs/ar_rahman_kandukondain_kandukondain.mp3,feel good
Sowkkiyama,Kadri Gopalnath,,,Tamil,Tamil,,Sangamam (Original Motion Picture Soundtrack),,354,songs/kadri_gopalnath_sowkkiyama.mp3,feel good
Zindagi,Srinivas,,,Tamil,Tamil,,Yuvvraaj,,,songs/srinivas_zindagi.mp3,feel good
Nenje Nenje,Harris Jayaraj,,,Tamil,Tamil,,,,,songs/harris_jayaraj_nenje_nenje.mp3,feel good
Why this kolaveri di,Dhanush,,,Tamil,Tamil,,,,259,songs/dhanush_why_this_kolaveri_di.mp3,feel good
Rangola Hola Hola,"Shankar Mahadevan , Sujatha",,,Tamil,Tamil,,,,,songs/shankar_mahadevan_sujatha_rangola_hola_hola.mp3,feel good
Rahatulla,Anupama,,,Tamil,Tamil,,,,,songs/anupama_rahatulla.mp3,feel good
Excuse Me Mr. Kanthaswamy,"Vikram, Suchitra Kuma",,,Tamil,Tamil,,,,,songs/vikram_suchitra_kuma_excuse_me_mr_kanthaswamy.mp3,feel good
"Imsaiye (Language: Tamil; Film: Kannukul Nilavu; Film Artists: Vijay, Shalini)",Srinivas,,,Tamil,Tamil,,,,,songs/srinivas_imsaiye_language_tamil_film_kannukul_nilavu_film_artists_vij.mp3,feel good
Konjum Mainakkale-StarMusiQ.Com,Sadhana Sargam,,,Tamil,Tamil,,,,,songs/sadhana_sargam_konjum_mainakkale_starmusiqcom.mp3,feel good
Kuchi Kuchi,"Hariharan, Swarnalatha, Shweta Mohan",,,Tamil,Tamil,,,,,songs/hariharan_swarnalatha_shweta_mohan_kuchi_kuchi.mp3,feel good
"Water Packet (From ""Raayan"")","A.R. Rahman, Shweta Mohan, Gana Kadhar & Santhosh Narayanan",,,Tamil,Tamil,,,,,songs/ar_rahman_shweta_mohan_gana_kadhar_santhosh_narayanan_water_packet_from_raayan.mp3,feel good
Nallavan Nallavan (Be A Good Boy),Hamsalekha,,,Tamil,Tamil,,,,,songs/hamsalekha_nallavan_nallavan_be_a_good_boy.mp3,feel good
Vaa Chellam,Udit Narayanan,,,Tamil,Tamil,,,,,songs/udit_narayanan_vaa_chellam.mp3,feel good
Un Azhzgukku,"Shankar Mahadevan, Sujatha",,,Tamil,Tamil,,,,,songs/shankar_mahadevan_sujatha_un_azhzgukku.mp3,feel good
Urvashi Uravashi,"a.r. rahman, suresh peters & shahul hameed",,,Tamil,Tamil,,,,,songs/ar_rahman_suresh_peters_shahul_hameed_urvashi_uravashi.mp3,feel good
Gadi Thalupulu,Thaman S.,,,Tamil,Tamil,,,,,songs/thaman_s_gadi_thalupulu.mp3,feel good
Ro Ro Roshini,Nivas,,,Tamil,Tamil,,Chennai 2 Singapore (Original Motion Picture Soundtrack),,280,songs/nivas_ro_ro_roshini.mp3,feel good
Aaja Meri Soniye,"S.P.Charan,Vijay Yesudas,Premgi Amaren",,,Tamil,Tamil,,,,,songs/spcharanvijay_yesudaspremgi_amaren_aaja_meri_soniye.mp3,feel good
So Baby,Sivakarthikeyan,,,Tamil,Tamil,,,,,songs/sivakarthikeyan_so_baby.mp3,feel good
Sirichi Sirichi,Grace Karunas,,,Tamil,Tamil,,,,,songs/grace_karunas_sirichi_sirichi.mp3,feel good
Aalaala Kandaa,M.S.V.,,,Tamil,Tamil,,,,,songs/msv_aalaala_kandaa.mp3,feel good
Kannodu Kaanberallam,Nithyashree,,,Tamil,Tamil,,,,,songs/nithyashree_kannodu_kaanberallam.mp3,feel good
Alai Payuthey,"Kalyani Menon, Harini, Neyveli Ramalakshmi",,,Tamil,Tamil,,,,,songs/kalyani_menon_harini_neyveli_ramalakshmi_alai_payuthey.mp3,feel good
Manogari,Haricharan & Mohana,,,Tamil,Tamil,,Baahubali - The Beginning (Tamil),,214,songs/haricharan_mohana_manogari.mp3,feel good
Jai Ho! (You Are My Destiny),A.R. Rahman,,,Tamil,Tamil,,Essential R&B 2010,,222,songs/ar_rahman_jai_ho_you_are_my_destiny.mp3,romantic
Enna Sona,A.R. Rahman,,,Tamil,Tamil,,,,,songs/ar_rahman_enna_sona.mp3,romantic
Kun Faya Kun,A.R. Rahman,,,Tamil,Tamil,,,,711,songs/ar_rahman_kun_faya_kun.mp3,romantic
Riots,A.R. Rahman,,,Tamil,Tamil,,Slumdog Millionaire - Music From The Motion Picture,,121,songs/ar_rahman_riots.mp3,romantic
Mumbai Theme Tune,A.R. Rahman,,,Tamil,Tamil,,Café Del Mar: Volumen Cinco y Seis,,315,songs/ar_rahman_mumbai_theme_tune.mp3,romantic
Jashn-E-Bahaaraa,A.R. Rahman,,,Tamil,Tamil,,"Colors Of Indian Music, Volume 4: The Mozart Of Indian Cinema - A. R. Rahman",,317,songs/ar_rahman_jashn_e_bahaaraa.mp3,romantic
Maahi Ve,A.R. Rahman,,,Tamil,Tamil,,Highway (Original Motion Picture Soundtrack),,240,songs/ar_rahman_maahi_ve.mp3,romantic
Mausam & Escape,A.R. Rahman,,,Tamil,Tamil,,Slumdog Millionaire - Music From The Motion Picture,,235,songs/ar_rahman_mausam_escape.mp3,romantic
Nadaan Parinde,A.R. Rahman,,,Tamil,Tamil,,,,,songs/ar_rahman_nadaan_parinde.mp3,romantic
"Raanjhanaa (From ""Raanjhanaa"")",A.R. Rahman,,,Tamil,Tamil,,Simply Love,,254,songs/ar_rahman_raanjhanaa_from_raanjhanaa.mp3,romantic
Raanjhanaa,A.R. Rahman,,,Tamil,Tamil,,Raanjhanaa (Original Motion Picture Soundtrack),,256,songs/ar_rahman_raanjhanaa.mp3,romantic
Latika's Theme,A.R. Rahman,,,Tamil,Tamil,,Slumdog Millionaire - Music From The Motion Picture,,189,songs/ar_rahman_latikas_theme.mp3,romantic
Challa,A.R. Rahman,,,Tamil,Tamil,,,,,songs/ar_rahman_challa.mp3,romantic
"Tum Tak (From ""Raanjhanaa"")",A.R. Rahman,,,Tamil,Tamil,,Essential Bollywood,,305,songs/ar_rahman_tum_tak_from_raanjhanaa.mp3,romantic
Tum Tak,A.R. Rahman,,,Tamil,Tamil,,Raanjhanaa (Original Motion Picture Soundtrack),,305,songs/ar_rahman_tum_tak.mp3,romantic
Barso Re,A.R. Rahman,,,Tamil,Tamil,,,,327,songs/ar_rahman_barso_re.mp3,romantic
Param Sundari,A.R. Rahman,,,Tamil,Tamil,,,,,songs/ar_rahman_param_sundari.mp3,romantic
Roobaroo,A.R. Rahman,,,Tamil,Tamil,,Rang De Basanti (Original Motion Picture Soundtrack),,281,songs/ar_rahman_roobaroo.mp3,romantic
The Humma Song,A.R. Rahman,,,Tamil,Tamil,,,,,songs/ar_rahman_the_humma_song.mp3,romantic
Ringa Ringa,A.R. Rahman,,,Tamil,Tamil,,,,257,songs/ar_rahman_ringa_ringa.mp3,romantic
Luka Chuppi,A.R. Rahman,,,Tamil,Tamil,,,,396,songs/ar_rahman_luka_chuppi.mp3,romantic
Liquid Dance,A.R. Rahman,,,Tamil,Tamil,,,,181,songs/ar_rahman_liquid_dance.mp3,party
Jiya Re,A.R. Rahman,,,Tamil,Tamil,,,,318,songs/ar_rahman_jiya_re.mp3,romantic
Radha Kaise Na Jale,A.R. Rahman,,,Tamil,Tamil,,The Best of A.R. Rahman - Music and Magic from the Composer of Slumdog Millionaire,,334,songs/ar_rahman_radha_kaise_na_jale.mp3,romantic
CHALEYA,Anirudh Ravichander,,,Tamil,Tamil,,Jawan,,200,songs/anirudh_ravichander_chaleya.mp3,romantic
"Chaleya (From ""Jawan"")",Anirudh Ravichander,,,Tamil,Tamil,,"Chaleya (From ""Jawan"")",,200,songs/anirudh_ravichander_chaleya_from_jawan.mp3,romantic
Why This Kolaveri Di? - The Soup of Love,Anirudh Ravichander,,,Tamil,Tamil,,,,,songs/anirudh_ravichander_why_this_kolaveri_di_the_soup_of_love.mp3,romantic
Kannazhaga - The Kiss of Love,Anirudh Ravichander,,,Tamil,Tamil,,,,,songs/anirudh_ravichander_kannazhaga_the_kiss_of_love.mp3,romantic
"Arabic Kuthu - Halamithi Habibo (From ""Beast"")",Anirudh Ravichander,,,Tamil,Tamil,,"Arabic Kuthu - Halamithi Habibo (From ""Beast"")",,279,songs/anirudh_ravichander_arabic_kuthu_halamithi_habibo_from_beast.mp3,romantic
Idhazhin Oram - The Innocence of Love,Anirudh Ravichander,,,Tamil,Tamil,,,,,songs/anirudh_ravichander_idhazhin_oram_the_innocence_of_love.mp3,romantic
"Hayyoda (From ""Jawan"")",Anirudh Ravichander,,,Tamil,Tamil,,"Hayyoda (From ""Jawan"")",,200,songs/anirudh_ravichander_hayyoda_from_jawan.mp3,romantic
Hukum - Thalaivar Alappara,Anirudh Ravichander,,,Tamil,Tamil,,,,,songs/anirudh_ravichander_hukum_thalaivar_alappara.mp3,romantic
Thangamey,Anirudh Ravichander,,,Tamil,Tamil,,Wunderboy Anirudh,,262,songs/anirudh_ravichander_thangamey.mp3,romantic
"Naa Ready (From ""Leo"")",Anirudh Ravichander,,,Tamil,Tamil,,,,,songs/anirudh_ravichander_naa_ready_from_leo.mp3,romantic
Nee Paartha Vizhigal - The Touch of Love,Anirudh Ravichander,,,Tamil,Tamil,,,,,songs/anirudh_ravichander_nee_paartha_vizhigal_the_touch_of_love.mp3,romantic
Maari Thara Local - Here Comes Maari,Anirudh Ravichander,,,Tamil,Tamil,,,,,songs/anirudh_ravichander_maari_thara_local_here_comes_maari.mp3,romantic
Vaathi Coming,Anirudh Ravichander,,,Tamil,Tamil,,,,228,songs/anirudh_ravichander_vaathi_coming.mp3,romantic
"Dippam Dappam (From ""Kaathuvaakula Rendu Kaadhal"")",Anirudh Ravichander,,,Tamil,Tamil,,"Dippam Dappam (From ""Kaathuvaakula Rendu Kaadhal"")",,209,songs/anirudh_ravichander_dippam_dappam_from_kaathuvaakula_rendu_kaadhal.mp3,romantic
"Udhungada Sangu (From ""Velai Illa Pattadhaari"")",Anirudh Ravichander,,,Tamil,Tamil,,Voice of Ani,,209,songs/anirudh_ravichander_udhungada_sangu_from_velai_illa_pattadhaari.mp3,romantic
Vikram - Title Track,Anirudh Ravichander,,,Tamil,Tamil,,Vikram (Original Motion Picture Soundtrack),,218,songs/anirudh_ravichander_vikram_title_track.mp3,romantic
Don'u Don'u Don'u - The Don's Romance,Anirudh Ravichander,,,Tamil,Tamil,,,,,songs/anirudh_ravichander_donu_donu_donu_the_dons_romance.mp3,romantic
"Ordinary Person (From ""Leo"")",Anirudh Ravichander,,,Tamil,Tamil,,,,,songs/anirudh_ravichander_ordinary_person_from_leo.mp3,romantic
Lokiverse - Background Score,Anirudh Ravichander,,,Tamil,Tamil,,,,,songs/anirudh_ravichander_lokiverse_background_score.mp3,romantic
"Badass (From ""Leo"")",Anirudh Ravichander,,,Tamil,Tamil,,"Badass (From ""Leo"")",,229,songs/anirudh_ravichander_badass_from_leo.mp3,romantic
"Kaavaalaa (From ""Jailer"")",Anirudh Ravichander,,,Tamil,Tamil,,"Kaavaalaa (From ""Jailer"")",,190,songs/anirudh_ravichander_kaavaalaa_from_jailer.mp3,romantic
Oh Penne,Anirudh Ravichander,,,Tamil,Tamil,,Vanakkam Chennai (Original Motion Picture Soundtrack),,213,songs/anirudh_ravichander_oh_penne.mp3,romantic
Po Nee Po - The Pain of Love,Anirudh Ravichander,,,Tamil,Tamil,,,,,songs/anirudh_ravichander_po_nee_po_the_pain_of_love.mp3,romantic
Not Ramaiya Vastavaiya,Anirudh Ravichander,,,Tamil,Tamil,,Jawan,,202,songs/anirudh_ravichander_not_ramaiya_vastavaiya.mp3,devotional
Senjitaley,Anirudh Ravichander,,,Tamil,Tamil,,Remo (Original Motion Picture Soundtrack),,251,songs/anirudh_ravichander_senjitaley.mp3,romantic
"Marana Mass - From ""Petta""",Anirudh Ravichander,,,Tamil,Tamil,,,,,songs/anirudh_ravichander_marana_mass_from_petta.mp3,romantic
Once Upon a Time,Anirudh Ravichander,,,Tamil,Tamil,,Vikram (Original Motion Picture Soundtrack),,143,songs/anirudh_ravichander_once_upon_a_time.mp3,romantic
"Vaathi Coming (From ""Master"")",Anirudh Ravichander,,,Tamil,Tamil,,,,228,songs/anirudh_ravichander_vaathi_coming_from_master.mp3,romantic
"Manasilaayo (From ""Vettaiyan"")",Anirudh Ravichander,,,Tamil,Tamil,,,,,songs/anirudh_ravichander_manasilaayo_from_vettaiyan.mp3,romantic
Unakkul Naane,Harris Jayaraj,,,Tamil,Tamil,,Unakkul Naane,,127,songs/harris_jayaraj_unakkul_naane.mp3,romantic
Nenjukkul Peidhidum,Harris Jayaraj,,,Tamil,Tamil,,,,,songs/harris_jayaraj_nenjukkul_peidhidum.mp3,romantic
Mundhinam,Harris Jayaraj,,,Tamil,Tamil,,,,,songs/harris_jayaraj_mundhinam.mp3,romantic
Vaarayo Vaarayo,Harris Jayaraj,,,Tamil,Tamil,,,,324,songs/harris_jayaraj_vaarayo_vaarayo.mp3,romantic
Ava Enna,Harris Jayaraj,,,Tamil,Tamil,,,,320,songs/harris_jayaraj_ava_enna.mp3,romantic
Adiyae Kolluthey,Harris Jayaraj,,,Tamil,Tamil,,,,,songs/harris_jayaraj_adiyae_kolluthey.mp3,romantic
Annul Maelae,Harris Jayaraj,,,Tamil,Tamil,,,,,songs/harris_jayaraj_annul_maelae.mp3,romantic
Ennamo Yeadho,Harris Jayaraj,,,Tamil,Tamil,,,,,songs/harris_jayaraj_ennamo_yeadho.mp3,romantic
Anbe En Anbe,Harris Jayaraj,,,Tamil,Tamil,,,,,songs/harris_jayaraj_anbe_en_anbe.mp3,romantic
Hasili Fisiliye,Harris Jayaraj,,,Tamil,Tamil,,,,,songs/harris_jayaraj_hasili_fisiliye.mp3,romantic
"Ennamo Yeadho (From ""KO"")",Harris Jayaraj,,,Tamil,Tamil,,,,,songs/harris_jayaraj_ennamo_yeadho_from_ko.mp3,romantic
Yethi Yethi,Harris Jayaraj,,,Tamil,Tamil,,Evergreen Dance,,295,songs/harris_jayaraj_yethi_yethi.mp3,romantic
Oh! Shanthi Shanthi,Harris Jayaraj,,,Tamil,Tamil,,,,,songs/harris_jayaraj_oh_shanthi_shanthi.mp3,romantic
Yaaro Manathile,Harris Jayaraj,,,Tamil,Tamil,,,,,songs/harris_jayaraj_yaaro_manathile.mp3,romantic
Mun Andhi,Harris Jayaraj,,,Tamil,Tamil,,,,,songs/harris_jayaraj_mun_andhi.mp3,romantic
Danga Maari Oodhari,Harris Jayaraj,,,Tamil,Tamil,,,,342,songs/harris_jayaraj_danga_maari_oodhari.mp3,romantic
Mazhai Vara Pogudhae,Harris Jayaraj,,,Tamil,Tamil,,,,,songs/harris_jayaraj_mazhai_vara_pogudhae.mp3,romantic
Engeyum Kaadhal,Harris Jayaraj,,,Tamil,Tamil,,,,,songs/harris_jayaraj_engeyum_kaadhal.mp3,romantic
Aathangara Orathil,Harris Jayaraj,,,Tamil,Tamil,,,,,songs/harris_jayaraj_aathangara_orathil.mp3,romantic
Manjal Veyil,Harris Jayaraj,,,Tamil,Tamil,,,,,songs/harris_jayaraj_manjal_veyil.mp3,romantic
Adhaaru Adhaaru,Harris Jayaraj,,,Tamil,Tamil,,,,,songs/harris_jayaraj_adhaaru_adhaaru.mp3,romantic
Yellae Lama,Harris Jayaraj,,,Tamil,Tamil,,,,,songs/harris_jayaraj_yellae_lama.mp3,romantic
Unakkenna Venum Sollu,Harris Jayaraj,,,Tamil,Tamil,,,,,songs/harris_jayaraj_unakkenna_venum_sollu.mp3,romantic
Thodu Vaanam,Harris Jayaraj,,,Tamil,Tamil,,,,315,songs/harris_jayaraj_thodu_vaanam.mp3,romantic
Paartha Mudhal,Harris Jayaraj,,,Tamil,Tamil,,,,,songs/harris_jayaraj_paartha_mudhal.mp3,romantic
Naaloney Pongaynu,Harris Jayaraj,,,Tamil,Tamil,,,,,songs/harris_jayaraj_naaloney_pongaynu.mp3,sad
Nagumo,Hesham Abdul Wahab,,,Malayalam,Malayalam,,,,,songs/hesham_abdul_wahab_nagumo.mp3,feel good
"Puthu Mazha (From ""Sarvam Maya"")",Justin Prabhakaran,,,Malayalam,Malayalam,,,,,songs/justin_prabhakaran_puthu_mazha_from_sarvam_maya.mp3,feel good
"Chiri Thottu (From ""Sarvam Maya"")",Justin Prabhakaran,,,Malayalam,Malayalam,,,,,songs/justin_prabhakaran_chiri_thottu_from_sarvam_maya.mp3,feel good
"Naran (Language: Malayalam; Film: Naran; Film Artists: Mohan Lal, Devyani)",Chitra,,,Malayalam,Malayalam,,,,,songs/chitra_naran_language_malayalam_film_naran_film_artists_mohan_lal_d.mp3,feel good
"Kalapakkaara (From ""King of Kotha"")",Jakes Bejoy,,,Malayalam,Malayalam,,,,,songs/jakes_bejoy_kalapakkaara_from_king_of_kotha.mp3,feel good
"Chanjadi Aadi (Language: Malayalam; Film: Makalkku; Film Artists: Suresh Gopi, Shobana)",Adnan Sami,,,Malayalam,Malayalam,,Makkalkku,,298,songs/adnan_sami_chanjadi_aadi_language_malayalam_film_makalkku_film_artists_.mp3,feel good
Karunya roopanam (Psalm 50 - Miserere),Jerry Amaldev,,,Malayalam,Malayalam,,,,,songs/jerry_amaldev_karunya_roopanam_psalm_50_miserere.mp3,feel good
Para Para,Anoop Mohandas,,,Malayalam,Malayalam,,,,226,songs/anoop_mohandas_para_para.mp3,feel good
Mel Mel,Naresh Iyer,,,Malayalam,Malayalam,,,,,songs/naresh_iyer_mel_mel.mp3,feel good
Parayathe Parayunna,Nikhil Chandran,,,Malayalam,Malayalam,,,,257,songs/nikhil_chandran_parayathe_parayunna.mp3,feel good
Raat,Jackson Vijayan,,,Malayalam,Malayalam,,,,192,songs/jackson_vijayan_raat.mp3,sleepy
Anuraghathin Velayil,Vineeth Sreenivasan,,,Malayalam,Malayalam,,,,,songs/vineeth_sreenivasan_anuraghathin_velayil.mp3,feel good
Ente Khalbile,Vineeth Sreenivasan,,,Malayalam,Malayalam,,Classmates,,262,songs/vineeth_sreenivasan_ente_khalbile.mp3,feel good
Nandiyalennullam,Sujatha,,,Malayalam,Malayalam,,Ananthasneham,,267,songs/sujatha_nandiyalennullam.mp3,feel good
Panipaali-2,NJ,,,Malayalam,Malayalam,,Panipaali-2,,218,songs/nj_panipaali_2.mp3,feel good
"Innaley (Chitra) (Language: Malayalam; Film: Balettan; Film Artists: Mohan Lal, Devyani)",Chitra,,,Malayalam,Malayalam,,,,,songs/chitra_innaley_chitra_language_malayalam_film_balettan_film_artists.mp3,feel good
Vazhthunnitha (Magnificat),Jerry Amaldev,,,Malayalam,Malayalam,,,,,songs/jerry_amaldev_vazhthunnitha_magnificat.mp3,feel good
Athiraliyum,Vijay Yesudas,,,Malayalam,Malayalam,,,,,songs/vijay_yesudas_athiraliyum.mp3,feel good
Paathira Kaalam,Tribemama Marykali,,,Malayalam,Malayalam,,Kurup (Original Motion Picture Soundtrack),,229,songs/tribemama_marykali_paathira_kaalam.mp3,feel good
Arike Ninna,Hesham Abdul Wahab,,,Malayalam,Malayalam,,,,,songs/hesham_abdul_wahab_arike_ninna.mp3,feel good
Rarify,John Young,,,Malayalam,Malayalam,,Indian Summer,,216,songs/john_young_rarify.mp3,feel good
Maa Marubhoomi,Satheeshbabu,,,Malayalam,Malayalam,,,,,songs/satheeshbabu_maa_marubhoomi.mp3,feel good
Theerathe Neelunne,Vineeth Sreenivasan,,,Malayalam,Malayalam,,Thira,,231,songs/vineeth_sreenivasan_theerathe_neelunne.mp3,romantic
Kaattu Mooliyo,Vineeth Sreenivasan,,,Malayalam,Malayalam,,,,,songs/vineeth_sreenivasan_kaattu_mooliyo.mp3,feel good
Trance (Title Track),"Vinayakan T K, Neha S Nair, Lee",,,Malayalam,Malayalam,,Trance,,296,songs/vinayakan_t_k_neha_s_nair_lee_trance_title_track.mp3,feel good
"Paavakali (Language: Malayalam; Film: Makalkku; Film Artists: Suresh Gopi, Shobana)",Jassie Gift,,,Malayalam,Malayalam,,Makkalkku,,235,songs/jassie_gift_paavakali_language_malayalam_film_makalkku_film_artists_sure.mp3,feel good
"Kandu Kandu (Repeat) (Language: Malayalam; Film: Mambazhakkalam; Film Artists: Mohan Lal, Shobana)",Nishad,,,Malayalam,Malayalam,,,,,songs/nishad_kandu_kandu_repeat_language_malayalam_film_mambazhakkalam_fi.mp3,feel good
"Mukilin Magalaai (Language: Malayalam; Film: Makalkku; Film Artists: Suresh Gopi, Shobana)",Manjari,,,Malayalam,Malayalam,,Makkalkku,,349,songs/manjari_mukilin_magalaai_language_malayalam_film_makalkku_film_artis.mp3,feel good
Karukara,Avial,,,Malayalam,Malayalam,,Avial,,380,songs/avial_karukara.mp3,feel good
Njan Aara,Avial,,,Malayalam,Malayalam,,Avial,,332,songs/avial_njan_aara.mp3,feel good
Ayalathe,Shreekumar Vakkiyil,,,Malayalam,Malayalam,,Angamaly Diaries (Original Motion Picture Soundtrack),,130,songs/shreekumar_vakkiyil_ayalathe.mp3,feel good
Kaathirunnu,Shreya Ghoshal,,,Malayalam,Malayalam,,Ennu Ninte Moideen (Original Motion Picture Soundtrack),,261,songs/shreya_ghoshal_kaathirunnu.mp3,feel good
Nattucha Nerathu (Revival),K.J. Yesudas,,,Malayalam,Malayalam,,,,,songs/kj_yesudas_nattucha_nerathu_revival.mp3,feel good
Otta Thumbi,Shankar Mahadevan,,,Malayalam,Malayalam,,,,283,songs/shankar_mahadevan_otta_thumbi.mp3,feel good
Madhuram,K S Chitra,,,Malayalam,Malayalam,,,,,songs/k_s_chitra_madhuram.mp3,feel good
Puttu paattu,Thakara,,,Malayalam,Malayalam,,Mojo Sessions Live,,332,songs/thakara_puttu_paattu.mp3,feel good
"Poomuthole - From ""Joseph""",Niranj Suresh,,,Malayalam,Malayalam,,,,,songs/niranj_suresh_poomuthole_from_joseph.mp3,feel good
Why I'm Serious (Interlude),T.I.,,,Malayalam,Malayalam,,I'm Serious,,63,songs/ti_why_im_serious_interlude.mp3,feel good
Vinnile Ghandarva,S. P. Venkatesh,,,Malayalam,Malayalam,,,,,songs/s_p_venkatesh_vinnile_ghandarva.mp3,feel good
Jaya ghoshitha (Psalm 94 - Venite exultemus),Jerry Amaldev,,,Malayalam,Malayalam,,,,,songs/jerry_amaldev_jaya_ghoshitha_psalm_94_venite_exultemus.mp3,feel good
Innariyathe,Roby Abraham,,,Malayalam,Malayalam,,,,,songs/roby_abraham_innariyathe.mp3,feel good
Neemathi Yenika,Malayalam Christian Songs,,,Malayalam,Malayalam,,Vattaatha Urava Vol 1,,352,songs/malayalam_christian_songs_neemathi_yenika.mp3,romantic
"Nee En Sundari (Language: Malayalam; Film: Sathyam; Film Artists: Prithiviraj, Priya Mani)",Chitra,,,Malayalam,Malayalam,,,,,songs/chitra_nee_en_sundari_language_malayalam_film_sathyam_film_artists_.mp3,romantic
Tharalam Malayalam Hot Full Movie,Mallu Films,,,Malayalam,Malayalam,,,,,songs/mallu_films_tharalam_malayalam_hot_full_movie.mp3,feel good
Pistah,Sabareesh Varma,,,Malayalam,Malayalam,,,,,songs/sabareesh_varma_pistah.mp3,feel good
Thedunnu,Venugopal,,,Malayalam,Malayalam,,,,,songs/venugopal_thedunnu.mp3,feel good
"Irulkkannumay - From ""Kooman :The Night Rider""",Vinayak Sasikumar,,,Malayalam,Malayalam,,,,,songs/vinayak_sasikumar_irulkkannumay_from_kooman_the_night_rider.mp3,sleepy
Kizhakku Pookkum,Shreya Ghoshal,,,Malayalam,Malayalam,,Anwar (Original Motion Picture Soundtrack),,307,songs/shreya_ghoshal_kizhakku_pookkum.mp3,feel good
Kanmani Kanmani,Arvind Venugopal,,,Malayalam,Malayalam,,,,,songs/arvind_venugopal_kanmani_kanmani.mp3,feel good
Prem Nazir,Aromalunni Malayalam Full Movie,,,Malayalam,Malayalam,,,,,songs/aromalunni_malayalam_full_movie_prem_nazir.mp3,romantic
Maarivil,Najim Arshad,,,Malayalam,Malayalam,,,,,songs/najim_arshad_maarivil.mp3,feel good
Jhoomo Re (International Version),Kailash Kher,,,Malayalam,Malayalam,,,,,songs/kailash_kher_jhoomo_re_international_version.mp3,feel good
Navyamamoru gaanam (Psalm 97 - Cantate Domino),Jerry Amaldev,,,Malayalam,Malayalam,,,,,songs/jerry_amaldev_navyamamoru_gaanam_psalm_97_cantate_domino.mp3,feel good
Oh Naadhan varavai (Psalm 23 Domini est terra),Jerry Amaldev,,,Malayalam,Malayalam,,,,,songs/jerry_amaldev_oh_naadhan_varavai_psalm_23_domini_est_terra.mp3,feel good
Aashichavan,Jayasurya,,,Malayalam,Malayalam,,,,,songs/jayasurya_aashichavan.mp3,feel good
"Minmini Parvaighal (Language: Tamil; Film: Julee Ganapathi; Film Artists: Jayaram, Ramya Krishnan)",Jesudas,,,Malayalam,Malayalam,,,,,songs/jesudas_minmini_parvaighal_language_tamil_film_julee_ganapathi_film_.mp3,devotional
Omana Penne,"Benny Dayal, Kalyani Menon",,,Malayalam,Malayalam,,,,,songs/benny_dayal_kalyani_menon_omana_penne.mp3,feel good
Omana Komala,"Abhirami Ajith, Najeem Arshad",,,Malayalam,Malayalam,,,,,songs/abhirami_ajith_najeem_arshad_omana_komala.mp3,feel good
Sakalesanente Naadha (Psalm 4 - Cum invocarem),Jerry Amaldev,,,Malayalam,Malayalam,,,,,songs/jerry_amaldev_sakalesanente_naadha_psalm_4_cum_invocarem.mp3,feel good
Sanwali Saloni,Yesudas,,,Malayalam,Malayalam,,Yesudas / Sitaron Mein Tu,,296,songs/yesudas_sanwali_saloni.mp3,feel good
Pennale,"Yesudas, P Leela",,,Malayalam,Malayalam,,,,,songs/yesudas_p_leela_pennale.mp3,feel good
Vaathil Melle,Sachin Warrier,,,Malayalam,Malayalam,,Neram,,280,songs/sachin_warrier_vaathil_melle.mp3,feel good
Thazhvaram,"Hesham, Neha Nair",,,Malayalam,Malayalam,,Thira,,315,songs/hesham_neha_nair_thazhvaram.mp3,feel good
Karukavayal Kuruvi,K.S. Chithra,,,Malayalam,Malayalam,,,,,songs/ks_chithra_karukavayal_kuruvi.mp3,feel good
Pacha Panam Thathe,Yesudas,,,Malayalam,Malayalam,,,,,songs/yesudas_pacha_panam_thathe.mp3,feel good
Jar Lagee Churee Koh,Hariharan,,,Malayalam,Malayalam,,Jodi Bansi Dake Jomunate,,172,songs/hariharan_jar_lagee_churee_koh.mp3,feel good
CHEMBARATHI! | LIL PAYYAN | AZWIN | (Official Audio),Lil PAYYAN,,,Malayalam,Malayalam,,,,,songs/lil_payyan_chembarathi_lil_payyan_azwin_official_audio.mp3,feel good
Pavanarachezhuthunnu,Yesudas,,,Malayalam,Malayalam,,,,,songs/yesudas_pavanarachezhuthunnu.mp3,feel good
Pettidaam Aarum,"Aalaap Raju, Sankar Sharma",,,Malayalam,Malayalam,,,,,songs/aalaap_raju_sankar_sharma_pettidaam_aarum.mp3,feel good
Aadhyamay Kanda Naal,Johnson,,,Malayalam,Malayalam,,Thooval Kottaram (Original Motion Picture Soundtrack),,283,songs/johnson_aadhyamay_kanda_naal.mp3,feel good
Njaan Parayathe,Kannur Shareef,,,Malayalam,Malayalam,,,,,songs/kannur_shareef_njaan_parayathe.mp3,feel good
Njan Uyarnu Pogum,Ranjith Govind,,,Malayalam,Malayalam,,,,178,songs/ranjith_govind_njan_uyarnu_pogum.mp3,feel good
Sakala janavali (Psalm 116 - Laudate Dominum),Jerry Amaldev,,,Malayalam,Malayalam,,,,,songs/jerry_amaldev_sakala_janavali_psalm_116_laudate_dominum.mp3,feel good
Pavizham pol pavizhaadharam po,Yesudas,,,Malayalam,Malayalam,,,,,songs/yesudas_pavizham_pol_pavizhaadharam_po.mp3,feel good
Sona Sona,Kalabhavan Mani,,,Malayalam,Malayalam,,Ben Johnson (Original Motion Picture Soundtrack),,286,songs/kalabhavan_mani_sona_sona.mp3,feel good
Memories,Sheltn Pinhero,,,Malayalam,Malayalam,,,,,songs/sheltn_pinhero_memories.mp3,feel good
Naadha kripaalu Idayan (Psalm 22 - Dominus regit me),Jerry Amaldev,,,Malayalam,Malayalam,,,,,songs/jerry_amaldev_naadha_kripaalu_idayan_psalm_22_dominus_regit_me.mp3,feel good
Aigiri Nandini Eye For an Eye,Govind & Meera,,,Malayalam,Malayalam,,,,,songs/govind_meera_aigiri_nandini_eye_for_an_eye.mp3,feel good
Varamanjaladiya (Sujatha),Vidyasagar,,,Malayalam,Malayalam,,,,,songs/vidyasagar_varamanjaladiya_sujatha.mp3,devotional
Jaya jaya(Psalm 150 - Laudate Dominum in sanctis),Jerry Amaldev,,,Malayalam,Malayalam,,,,,songs/jerry_amaldev_jaya_jayapsalm_150_laudate_dominum_in_sanctis.mp3,feel good
Anuraaga Vilochananayi,Vidyasagar,,,Malayalam,Malayalam,,,,,songs/vidyasagar_anuraaga_vilochananayi.mp3,feel good
Krisha kripasagaram,Yesudas,,,Malayalam,Malayalam,,,,,songs/yesudas_krisha_kripasagaram.mp3,feel good
Mahitha mahonnathan (Psalm 140),Jerry Amaldev,,,Malayalam,Malayalam,,,,,songs/jerry_amaldev_mahitha_mahonnathan_psalm_140.mp3,feel good
"Katha Katha (Language: Malayalam; Film: Raappakal; Film Artists: Mamootty, Nayan Thara)",Vijay Yesudas,,,Malayalam,Malayalam,,,,,songs/vijay_yesudas_katha_katha_language_malayalam_film_raappakal_film_artists_m.mp3,feel good
Mazhaye Mazhaye,"Karthik, Abhaya Hiranmayi",,,Malayalam,Malayalam,,,,,songs/karthik_abhaya_hiranmayi_mazhaye_mazhaye.mp3,feel good
Oru Mezhuthiriyude,"Shahbaz Aman, Mridula Warrier",,,Malayalam,Malayalam,,,,,songs/shahbaz_aman_mridula_warrier_oru_mezhuthiriyude.mp3,feel good
Punchiri Thanchum,Shankar Mahadevan,,,Malayalam,Malayalam,,,,,songs/shankar_mahadevan_punchiri_thanchum.mp3,feel good
Subhaane,Moossa Eranjoly,,,Malayalam,Malayalam,,,,,songs/moossa_eranjoly_subhaane.mp3,feel good
Kilukil Pambaram - Kilukkkam Malayalam M,MalayalamSearch.Com,,,Malayalam,Malayalam,,,,,songs/malayalamsearchcom_kilukil_pambaram_kilukkkam_malayalam_m.mp3,feel good
"Paranjhilla Gynaan (Language: Malayalam; Film: Mambazhakkalam; Film Artists: Mohan Lal, Shobana)",K.J. Yesudas,,,Malayalam,Malayalam,,,,,songs/kj_yesudas_paranjhilla_gynaan_language_malayalam_film_mambazhakkalam_fi.mp3,feel good
Pavana Guru,Madhu Balakrishnan,,,Malayalam,Malayalam,,Ilaiyaraaja's Music Journey: Live in Italy,,344,songs/madhu_balakrishnan_pavana_guru.mp3,feel good
Doore Doore,Suchith Suresan,,,Malayalam,Malayalam,,Neelakasham Pachakadal Chuvanna Bhoomi (Original Motion Picture Soundtrack),,257,songs/suchith_suresan_doore_doore.mp3,feel good
Kannum Kannum Remix,Yesudas,,,Malayalam,Malayalam,,,,,songs/yesudas_kannum_kannum_remix.mp3,feel good
Kaanthaa,MASALA COFFEE,,,Malayalam,Malayalam,,,,,songs/masala_coffee_kaanthaa.mp3,feel good
Mazhaye Toomazhaye,"Haricharan, Mridula Varier",,,Malayalam,Malayalam,,,,,songs/haricharan_mridula_varier_mazhaye_toomazhaye.mp3,feel good
Thaazhvaaram,Sushin Shyam,,,Malayalam,Malayalam,,Neelakasham Pachakadal Chuvanna Bhoomi (Original Motion Picture Soundtrack),,247,songs/sushin_shyam_thaazhvaaram.mp3,feel good
Pulkoottil Vazhunna,K.J.Yesudas,,,Malayalam,Malayalam,,,,,songs/kjyesudas_pulkoottil_vazhunna.mp3,feel good
Malayalam Full Movie 2013,7Aum Arivu,,,Malayalam,Malayalam,,,,,songs/7aum_arivu_malayalam_full_movie_2013.mp3,feel good
Aethu Kari Raavilum,"Gopi Sundar, Haricharan & Vijay Yesudas",,,Malayalam,Malayalam,,,,,songs/gopi_sundar_haricharan_vijay_yesudas_aethu_kari_raavilum.mp3,feel good
Ajitha Hare,Gowry Lekshmi,,,Malayalam,Malayalam,,Rathnamala,,174,songs/gowry_lekshmi_ajitha_hare.mp3,feel good
Cherukadhapole,Rex Vijayan,,,Malayalam,Malayalam,,Sudani from Nigeria,,234,songs/rex_vijayan_cherukadhapole.mp3,feel good
Ithale Nee,Najim Arshad,,,Malayalam,Malayalam,,Hi Nanna (Original Motion Picture Soundtrack),,210,songs/najim_arshad_ithale_nee.mp3,romantic
Piravi,Vaikom Vijayalakshmi,,,Malayalam,Malayalam,,Masss (Original Motion Picture Soundtrack),,276,songs/vaikom_vijayalakshmi_piravi.mp3,feel good
Undu Saghi,K. G. Markose,,,Malayalam,Malayalam,,"Jarad, Vol. 1 (Mappilappattukal)",,,songs/k_g_markose_undu_saghi.mp3,feel good
Aji Jhoro Jhoro Mukhoro,Mridula,,,Malayalam,Malayalam,,Praner Poray,,188,songs/mridula_aji_jhoro_jhoro_mukhoro.mp3,lonely
Chirimukilum - Female Version,Haritha Balakrishnan,,,Malayalam,Malayalam,,,,,songs/haritha_balakrishnan_chirimukilum_female_version.mp3,feel good
Kannaamoochchi (from the Film 'Kandukondein Kandukondein'),KS Chithra,,,Malayalam,Malayalam,,,,,songs/ks_chithra_kannaamoochchi_from_the_film_kandukondein_kandukondein.mp3,romantic
Cheerapoovukal,KS Chithra,,,Malayalam,Malayalam,,,,,songs/ks_chithra_cheerapoovukal.mp3,romantic
Olichirikkan,KS Chithra,,,Malayalam,Malayalam,,,,,songs/ks_chithra_olichirikkan.mp3,romantic
Premashilpi,KS Chithra,,,Malayalam,Malayalam,,,,,songs/ks_chithra_premashilpi.mp3,romantic
Oru Naal Mattum,KS Chithra,,,Malayalam,Malayalam,,,,,songs/ks_chithra_oru_naal_mattum.mp3,romantic
Rajahamsame,KS Chithra,,,Malayalam,Malayalam,,,,,songs/ks_chithra_rajahamsame.mp3,romantic
PularkaalaSundara,KS Chithra,,,Malayalam,Malayalam,,,,,songs/ks_chithra_pularkaalasundara.mp3,romantic
Poomaname,KS Chithra,,,Malayalam,Malayalam,,,,,songs/ks_chithra_poomaname.mp3,romantic
Thalolampaithal,KS Chithra,,,Malayalam,Malayalam,,,,,songs/ks_chithra_thalolampaithal.mp3,romantic
Neelakkurinjikal,KS Chithra,,,Malayalam,Malayalam,,,,,songs/ks_chithra_neelakkurinjikal.mp3,romantic
Vaa Veliye,KS Chithra,,,Malayalam,Malayalam,,,,,songs/ks_chithra_vaa_veliye.mp3,romantic
Vaishakhasandhye,KS Chithra,,,Malayalam,Malayalam,,,,,songs/ks_chithra_vaishakhasandhye.mp3,romantic
Kunnimani Cheppu,KS Chithra,,,Malayalam,Malayalam,,,,,songs/ks_chithra_kunnimani_cheppu.mp3,romantic
Etho Vaarmukilin female Version,KS Chithra,,,Malayalam,Malayalam,,,,,songs/ks_chithra_etho_vaarmukilin_female_version.mp3,romantic
Othiri Othiri Othiri Swapnangal,KS Chithra,,,Malayalam,Malayalam,,,,,songs/ks_chithra_othiri_othiri_othiri_swapnangal.mp3,romantic
Vaa Veliye (feat. S.P. Balasubramaniyam),KS Chithra,,,Malayalam,Malayalam,,,,,songs/ks_chithra_vaa_veliye_feat_sp_balasubramaniyam.mp3,devotional
Raappadithan,KS Chithra,,,Malayalam,Malayalam,,,,,songs/ks_chithra_raappadithan.mp3,romantic
Aayiram Kannumayi F,KS Chithra,,,Malayalam,Malayalam,,,,,songs/ks_chithra_aayiram_kannumayi_f.mp3,romantic
Oru Pooncholai feat. S.P.Balasubramaniyam Vaadhyaar Veettu Pillai OST,KS Chithra,,,Malayalam,Malayalam,,,,,songs/ks_chithra_oru_pooncholai_feat_spbalasubramaniyam_vaadhyaar_veettu_pill.mp3,devotional
Kunnimanichepputhurannu,KS Chithra,,,Malayalam,Malayalam,,,,,songs/ks_chithra_kunnimanichepputhurannu.mp3,romantic
Ilavayil Viralukalaai,KS Chithra,,,Malayalam,Malayalam,,,,,songs/ks_chithra_ilavayil_viralukalaai.mp3,romantic
Manjal Prasadavum,KS Chithra,,,Malayalam,Malayalam,,,,,songs/ks_chithra_manjal_prasadavum.mp3,sad
Kannaadikkayyil,KS Chithra,,,Malayalam,Malayalam,,,,,songs/ks_chithra_kannaadikkayyil.mp3,romantic
Kannaam Thumpee,KS Chithra,,,Malayalam,Malayalam,,,,,songs/ks_chithra_kannaam_thumpee.mp3,romantic
Poonthen,KS Chithra,,,Malayalam,Malayalam,,,,,songs/ks_chithra_poonthen.mp3,romantic
Evergreen Film Song | Ammoomakkili Vayadi | Chandralekha | Malayalam film song.,KS Chithra,,,Malayalam,Malayalam,,,,,songs/ks_chithra_evergreen_film_song_ammoomakkili_vayadi_chandralekha_malayal.mp3,romantic
Palapoove,KS Chithra,,,Malayalam,Malayalam,,,,,songs/ks_chithra_palapoove.mp3,romantic
Thiruvaranmula Krishna,KS Chithra,,,Malayalam,Malayalam,,,,,songs/ks_chithra_thiruvaranmula_krishna.mp3,devotional
Olichirikyan,KS Chithra,,,Malayalam,Malayalam,,,,,songs/ks_chithra_olichirikyan.mp3,romantic
Mele Vinnin Muttathaare (F),KS Chithra,,,Malayalam,Malayalam,,,,,songs/ks_chithra_mele_vinnin_muttathaare_f.mp3,romantic
"Mai Koi Banjara (Language: Hindi; Film: Khwab; Film Artists: Mithun Chakravarty, Yogeeta Bali)",Yesudas,,,Malayalam,Malayalam,,,,,songs/yesudas_mai_koi_banjara_language_hindi_film_khwab_film_artists_mithu.mp3,romantic
Man Mohini,Yesudas,,,Malayalam,Malayalam,,Yesudas / Sitaron Mein Tu,,279,songs/yesudas_man_mohini.mp3,romantic
Tu Jaan Hai,Yesudas,,,Malayalam,Malayalam,,Yesudas / Sitaron Mein Tu,,286,songs/yesudas_tu_jaan_hai.mp3,romantic
Harivarasanam,Yesudas,,,Malayalam,Malayalam,,Shabarimalayilthankasooryodhayam,,284,songs/yesudas_harivarasanam.mp3,romantic
Vaachalam,Yesudas,,,Malayalam,Malayalam,,Koodum Thedi,,225,songs/yesudas_vaachalam.mp3,romantic
Ishq Mushq,Yesudas,,,Malayalam,Malayalam,,Yesudas / Sitaron Mein Tu,,414,songs/yesudas_ishq_mushq.mp3,romantic
Unnikale Oru Kadha Parayaam,Yesudas,,,Malayalam,Malayalam,,Unnikale Oru Kadha Parayam,,261,songs/yesudas_unnikale_oru_kadha_parayaam.mp3,romantic
Surmayee Ankhiyon Mein,Yesudas,,,Malayalam,Malayalam,,,,,songs/yesudas_surmayee_ankhiyon_mein.mp3,romantic
Gori Tera Gaon,Yesudas,,,Malayalam,Malayalam,,The Golden Collection,,305,songs/yesudas_gori_tera_gaon.mp3,romantic
padam namukku padam,Yesudas,,,Malayalam,Malayalam,,,,,songs/yesudas_padam_namukku_padam.mp3,romantic
Gori Tera Gaon Bada Pyara,Yesudas,,,Malayalam,Malayalam,,Solid Gold: A Treasure Trove Of Masterpieces,,,songs/yesudas_gori_tera_gaon_bada_pyara.mp3,romantic
Chamak Cham Cham,Yesudas,,,Malayalam,Malayalam,,Yesudas / Sitaron Mein Tu,,332,songs/yesudas_chamak_cham_cham.mp3,romantic
Neermizhipoovil,Yesudas,,,Malayalam,Malayalam,,Vachanam,,278,songs/yesudas_neermizhipoovil.mp3,romantic
Penninte Chenchundil,Yesudas,,,Malayalam,Malayalam,,Guruji Oru Vakku,,242,songs/yesudas_penninte_chenchundil.mp3,romantic
Chandanalepa,Yesudas,,,Malayalam,Malayalam,,Oru Vadakkan Veeragadha,,248,songs/yesudas_chandanalepa.mp3,romantic
Devanganangal,Yesudas,,,Malayalam,Malayalam,,,,416,songs/yesudas_devanganangal.mp3,devotional
Jab Deep Jale Aana,Yesudas,,,Malayalam,Malayalam,,The Golden Collection,,,songs/yesudas_jab_deep_jale_aana.mp3,romantic
Chand Jaise Mukhde Pe,Yesudas,,,Malayalam,Malayalam,,The Golden Collection,,,songs/yesudas_chand_jaise_mukhde_pe.mp3,romantic
aaj se pehle,Yesudas,,,Malayalam,Malayalam,,The Golden Collection,,307,songs/yesudas_aaj_se_pehle.mp3,romantic
Iru Hridhayangalilonnal,Yesudas,,,Malayalam,Malayalam,,,,,songs/yesudas_iru_hridhayangalilonnal.mp3,romantic
Kannamthaliyum,Yesudas,,,Malayalam,Malayalam,,,,,songs/yesudas_kannamthaliyum.mp3,romantic
Vellarappoomala Mele,Yesudas,,,Malayalam,Malayalam,,Varavelpu,,256,songs/yesudas_vellarappoomala_mele.mp3,romantic
Omane Neeyoromal,Yesudas,,,Malayalam,Malayalam,,Gaanamela,,317,songs/yesudas_omane_neeyoromal.mp3,romantic
Dil Ke Tukde Tukde Karke,Yesudas,,,Malayalam,Malayalam,,The Golden Collection,,,songs/yesudas_dil_ke_tukde_tukde_karke.mp3,romantic
Indhulekha Kan Thurannu,Yesudas,,,Malayalam,Malayalam,,Oru Vadakkan Veeragadha,,245,songs/yesudas_indhulekha_kan_thurannu.mp3,romantic
Ka Karoon Sajani Aaye Na Balam,Yesudas,,,Malayalam,Malayalam,,Golden Collection,,,songs/yesudas_ka_karoon_sajani_aaye_na_balam.mp3,romantic
Mana Ho Tum Behad Haseen,Yesudas,,,Malayalam,Malayalam,,Golden Collection,,,songs/yesudas_mana_ho_tum_behad_haseen.mp3,romantic
Kahan Se Aaye Badra,Yesudas,,,Malayalam,Malayalam,,The Golden Collection,,,songs/yesudas_kahan_se_aaye_badra.mp3,romantic
Melleyen Kanni,Yesudas,,,Malayalam,Malayalam,,,,273,songs/yesudas_melleyen_kanni.mp3,romantic
Malare,Vijay Yesudas,,,Malayalam,Malayalam,,Premam,,316,songs/vijay_yesudas_malare.mp3,romantic
Etho Mazhayil,Vijay Yesudas,,,Malayalam,Malayalam,,,,218,songs/vijay_yesudas_etho_mazhayil.mp3,romantic
Evare,Vijay Yesudas,,,Malayalam,Malayalam,,Premam,,309,songs/vijay_yesudas_evare.mp3,romantic
Kaadhal Vaithu,Vijay Yesudas,,,Malayalam,Malayalam,,Deepavali (Original Motion Picture Soundtrack),,309,songs/vijay_yesudas_kaadhal_vaithu.mp3,romantic
Neeyam Thanalinu (Duet),Vijay Yesudas,,,Malayalam,Malayalam,,,,329,songs/vijay_yesudas_neeyam_thanalinu_duet.mp3,romantic
Oru Madhura Kinavin - Retro Mix,Vijay Yesudas,,,Malayalam,Malayalam,,,,,songs/vijay_yesudas_oru_madhura_kinavin_retro_mix.mp3,romantic
"Uyirin Naadhane - From ""Joseph""",Vijay Yesudas,,,Malayalam,Malayalam,,,,,songs/vijay_yesudas_uyirin_naadhane_from_joseph.mp3,romantic
"Thoomanju - From ""18am Padi""",Vijay Yesudas,,,Malayalam,Malayalam,,,,,songs/vijay_yesudas_thoomanju_from_18am_padi.mp3,romantic
Hemanthamen,Vijay Yesudas,,,Malayalam,Malayalam,,Kohinoor,,258,songs/vijay_yesudas_hemanthamen.mp3,romantic
Sahana,Vijay Yesudas,,,Malayalam,Malayalam,,,,,songs/vijay_yesudas_sahana.mp3,romantic
Malare Unplugged,Vijay Yesudas,,,Malayalam,Malayalam,,,,,songs/vijay_yesudas_malare_unplugged.mp3,romantic
Poomuthole,Vijay Yesudas,,,Malayalam,Malayalam,,Joseph,,290,songs/vijay_yesudas_poomuthole.mp3,romantic
Alliyambal - Remix Version,Vijay Yesudas,,,Malayalam,Malayalam,,,,,songs/vijay_yesudas_alliyambal_remix_version.mp3,romantic
Omane,Vijay Yesudas,,,Malayalam,Malayalam,,The Goat Life - Aadujeevitham (Original Motion Picture Soundtrack),,358,songs/vijay_yesudas_omane.mp3,romantic
Hridayathin,Vijay Yesudas,,,Malayalam,Malayalam,,100 Days of Love (Original Motion Picture Soundtrack),,278,songs/vijay_yesudas_hridayathin.mp3,romantic
"Rangu Rangamma (From ""Bheema"")",Vijay Yesudas,,,Malayalam,Malayalam,,Hits of Swarnalatha and Anuradha Sriram,,364,songs/vijay_yesudas_rangu_rangamma_from_bheema.mp3,romantic
Maangalyam,Vijay Yesudas,,,Malayalam,Malayalam,,,,234,songs/vijay_yesudas_maangalyam.mp3,romantic
"Thavani Pootta (From ""Sandakozhi"")",Vijay Yesudas,,,Malayalam,Malayalam,,Valentine's Day Special 2015,,263,songs/vijay_yesudas_thavani_pootta_from_sandakozhi.mp3,romantic
Pularoli,Vijay Yesudas,,,Malayalam,Malayalam,,Bhaskar the Rascal,,244,songs/vijay_yesudas_pularoli.mp3,romantic
Njan Chendena,Vijay Yesudas,,,Malayalam,Malayalam,,,,332,songs/vijay_yesudas_njan_chendena.mp3,romantic
Silu Silu,Vijay Yesudas,,,Malayalam,Malayalam,,Vanamagan (Original Motion Picture Soundtrack),,319,songs/vijay_yesudas_silu_silu.mp3,romantic
Alliyambal-Remix,Vijay Yesudas,,,Malayalam,Malayalam,,Loudspeaker (Original Motion Picture Soundtrack) - EP,,239,songs/vijay_yesudas_alliyambal_remix.mp3,romantic
Avalum Naanum,Vijay Yesudas,,,Malayalam,Malayalam,,Achcham Yenbadhu Madamaiyada (Original Motion Picture Soundtrack),,254,songs/vijay_yesudas_avalum_naanum.mp3,romantic
Thavani Pootta,Vijay Yesudas,,,Malayalam,Malayalam,,Sandakozhi (Original Motion Picture Soundtrack),,263,songs/vijay_yesudas_thavani_pootta.mp3,romantic
Kannukkul Yedho,Vijay Yesudas,,,Malayalam,Malayalam,,Thiruvilayadal Arambam (Original Motion Picture Soundtrack),,254,songs/vijay_yesudas_kannukkul_yedho.mp3,romantic
Pacha Theeyanu Nee,Vijay Yesudas,,,Malayalam,Malayalam,,,,182,songs/vijay_yesudas_pacha_theeyanu_nee.mp3,romantic
Thodakkam Mangalyam,Vijay Yesudas,,,Malayalam,Malayalam,,,,232,songs/vijay_yesudas_thodakkam_mangalyam.mp3,romantic
Mazhakondu Mathram - Male Version,Vijay Yesudas,,,Malayalam,Malayalam,,,,,songs/vijay_yesudas_mazhakondu_mathram_male_version.mp3,romantic
Piriyadha Enna,Vijay Yesudas,,,Malayalam,Malayalam,,,,,songs/vijay_yesudas_piriyadha_enna.mp3,romantic
Gun-In Kadhal,Vijay Yesudas,,,Malayalam,Malayalam,,,,,songs/vijay_yesudas_gun_in_kadhal.mp3,sad
Cherathukal,Sithara Krishnakumar,,,Malayalam,Malayalam,,,,,songs/sithara_krishnakumar_cherathukal.mp3,romantic
Wow Song - Ponnin Kanikkonna,Sithara Krishnakumar,,,Malayalam,Malayalam,,Godha (Original Motion Picture Soundtrack),,253,songs/sithara_krishnakumar_wow_song_ponnin_kanikkonna.mp3,romantic
Moha Mundiri,Sithara Krishnakumar,,,Malayalam,Malayalam,,Madhuraraja (Original Motion Picture Soundtrack) - Single,,209,songs/sithara_krishnakumar_moha_mundiri.mp3,romantic
"Kadukumanikkoru Kannundu - From ""Kappela""",Sithara Krishnakumar,,,Malayalam,Malayalam,,,,,songs/sithara_krishnakumar_kadukumanikkoru_kannundu_from_kappela.mp3,romantic
Ponnin Kanikkonna - Wow Song,Sithara Krishnakumar,,,Malayalam,Malayalam,,,,,songs/sithara_krishnakumar_ponnin_kanikkonna_wow_song.mp3,romantic
Locked Out of Heaven,Bruno Mars,,,Rnb,English,,Unorthodox Jukebox,,233,songs/bruno_mars_locked_out_of_heaven.mp3,feel good
Love You Like a Love Song,Selena Gomez & the Scene,,,Love,English,,When the Sun Goes Down,,188,songs/selena_gomez_the_scene_love_you_like_a_love_song.mp3,romantic|party
Pink Pony Club,Chappell Roan,,,Synthpop,English,,Love Me Anyway,,258,songs/chappell_roan_pink_pony_club.mp3,feel good
The One That Got Away,Katy Perry,,,Katy Perry,English,,Teenage Dream,,227,songs/katy_perry_the_one_that_got_away.mp3,romantic|party
Toxic,Britney Spears,,,Dance,English,,In the Zone,,200,songs/britney_spears_toxic.mp3,party
Lush Life,Zara Larsson,,,Electropop,English,,Lush Life,,201,songs/zara_larsson_lush_life.mp3,feel good
All the Things She Said,t.A.T.u.,,,Dance,English,,200 km/h in the Wrong Lane,,214,songs/tatu_all_the_things_she_said.mp3,party
no tears left to cry,Ariana Grande,,,Dance,English,,Now 33,,223,songs/ariana_grande_no_tears_left_to_cry.mp3,party
Style,Taylor Swift,,,Synthpop,English,,1989,,231,songs/taylor_swift_style.mp3,feel good
Maneater,Nelly Furtado,,,Dance,English,,Loose,,267,songs/nelly_furtado_maneater.mp3,party
Judas,Lady Gaga,,,Dance,English,,Born This Way,,249,songs/lady_gaga_judas.mp3,party|gaming
Womanizer,Britney Spears,,,Dance,English,,Circus,,224,songs/britney_spears_womanizer.mp3,party
Last Friday Night (T.G.I.F.),Katy Perry,,,Dance,English,,Teenage Dream,,230,songs/katy_perry_last_friday_night_tgif.mp3,party
Telephone (feat. Beyoncé),Lady Gaga,,,English,English,,The Fame Monster,,221,songs/lady_gaga_telephone_feat_beyoncé.mp3,feel good
Oops!...I Did It Again,Britney Spears,,,Britney Spears,English,,Greatest Hits: My Prerogative,,211,songs/britney_spears_oopsi_did_it_again.mp3,party
Espresso,Sabrina Carpenter,,,Nu-Disco,English,,Espresso,,175,songs/sabrina_carpenter_espresso.mp3,feel good
Rock Your Body,Justin Timberlake,,,Dance,English,,Justified,,267,songs/justin_timberlake_rock_your_body.mp3,party
Gimme More,Britney Spears,,,Dance,English,,Blackout,,205,songs/britney_spears_gimme_more.mp3,party
"thank u, next",Ariana Grande,,,Rnb,English,,Haynes: In the Car… Pop Anthems Sing‐A‐Long,,207,songs/ariana_grande_thank_u_next.mp3,feel good
Paparazzi,Lady Gaga,,,Dance,English,,The Fame,,208,songs/lady_gaga_paparazzi.mp3,party
Promiscuous,Nelly Furtado,,,Dance,English,,Loose,,243,songs/nelly_furtado_promiscuous.mp3,party
Lovefool,The Cardigans,,,90S,English,,Best Of,,196,songs/the_cardigans_lovefool.mp3,nostalgic|romantic
Bad Romance,Lady Gaga,,,Dance,English,,The Fame Monster,,261,songs/lady_gaga_bad_romance.mp3,party
Call Me Maybe,Carly Rae Jepsen,,,Dance,English,,Call Me Maybe,,193,songs/carly_rae_jepsen_call_me_maybe.mp3,party
Say It Right,Nelly Furtado,,,Female Vocalists,English,,Ultimate R&B 2008 (Double Album),,223,songs/nelly_furtado_say_it_right.mp3,party
Unwritten,Natasha Bedingfield,,,Female Vocalists,English,,Unwritten,,255,songs/natasha_bedingfield_unwritten.mp3,party|happy
S&M,Rihanna,,,Dance,English,,Loud,,243,songs/rihanna_sm.mp3,party
Teenage Dream,Katy Perry,,,Katy Perry,English,,Teenage Dream,,230,songs/katy_perry_teenage_dream.mp3,party
Mirrors,Justin Timberlake,,,Epic,English,,The 20/20 Experience (Deluxe Version),,277,songs/justin_timberlake_mirrors.mp3,gaming
Pocketful of Sunshine,Natasha Bedingfield,,,Female Vocalists,English,,Pocketful of Sunshine,,203,songs/natasha_bedingfield_pocketful_of_sunshine.mp3,happy|party
Poker Face,Lady Gaga,,,Dance,English,,The Fame,,237,songs/lady_gaga_poker_face.mp3,party
...Baby One More Time,Britney Spears,,,90S,English,,Greatest Hits: My Prerogative,,210,songs/britney_spears_baby_one_more_time.mp3,nostalgic|party
Into You,Ariana Grande,,,Best Of 2016,English,,Dangerous Woman,,244,songs/ariana_grande_into_you.mp3,party
deja vu,Olivia Rodrigo,,,Pop Rock,English,,"Now That's What I Call Music, Vol. 79",,215,songs/olivia_rodrigo_deja_vu.mp3,feel good
Blank Space,Taylor Swift,,,Love At First Listen,English,,1989,,231,songs/taylor_swift_blank_space.mp3,feel good
The Sweet Escape,Gwen Stefani,,,Female Vocalists,English,,The Sweet Escape,,246,songs/gwen_stefani_the_sweet_escape.mp3,party
Only Girl (In the World),Rihanna,,,Dance,English,,Loud,,235,songs/rihanna_only_girl_in_the_world.mp3,party
Look What You Made Me Do,Taylor Swift,,,Electropop,English,,Look What You Made Me Do,,211,songs/taylor_swift_look_what_you_made_me_do.mp3,party
One More Night,Maroon 5,,,Maroon 5,English,,Overexposed,,221,songs/maroon_5_one_more_night.mp3,sleepy
Since U Been Gone,Kelly Clarkson,,,Female Vocalists,English,,Breakaway,,188,songs/kelly_clarkson_since_u_been_gone.mp3,lonely
Grenade,Bruno Mars,,,Rnb,English,,Doo-Wops & Hooligans,,222,songs/bruno_mars_grenade.mp3,sad
Beauty and a Beat,Justin Bieber,,,Dance,English,,Believe,,144,songs/justin_bieber_beauty_and_a_beat.mp3,party
The Winner Takes It All,ABBA,,,80S,English,,Gold: Greatest Hits,,295,songs/abba_the_winner_takes_it_all.mp3,nostalgic
Circus,Britney Spears,,,Dance,English,,Circus,,189,songs/britney_spears_circus.mp3,party
California Gurls (feat. Snoop Dogg),Katy Perry,,,English,English,,Teenage Dream,,235,songs/katy_perry_california_gurls_feat_snoop_dogg.mp3,feel good
Hot n Cold,Katy Perry,,,Dance,English,,One of the Boys,,220,songs/katy_perry_hot_n_cold.mp3,party
Billie Jean,Michael Jackson,,,80S,English,,Thriller 25 Super Deluxe Edition,,294,songs/michael_jackson_billie_jean.mp3,nostalgic|party
Guilty as Sin?,Taylor Swift,,,Best Of 2024,English,,THE TORTURED POETS DEPARTMENT,,254,songs/taylor_swift_guilty_as_sin.mp3,feel good
Just Dance,Lady Gaga,,,Dance,English,,The Fame,,97,songs/lady_gaga_just_dance.mp3,party
One Last Time,Ariana Grande,,,2014,English,,My Everything (Deluxe),,195,songs/ariana_grande_one_last_time.mp3,sad
Attention,Charlie Puth,,,2017,English,,Attention,,208,songs/charlie_puth_attention.mp3,feel good
Taste,Sabrina Carpenter,,,Pop Rock,English,,Short n' Sweet [Clean] [Clean],,157,songs/sabrina_carpenter_taste.mp3,feel good
Fortnight (feat. Post Malone),Taylor Swift,,,Best Of 2024,English,,The Tortured Poets Department (Webstore Exclusive),,228,songs/taylor_swift_fortnight_feat_post_malone.mp3,sad
This Love,Maroon 5,,,Rock,English,,Songs About Jane,,206,songs/maroon_5_this_love.mp3,romantic
Party in the U.S.A.,Miley Cyrus,,,Miley Cyrus,English,,The Time of Our Lives,,202,songs/miley_cyrus_party_in_the_usa.mp3,party
As It Was,Harry Styles,,,Rock And Roll Over,English,,Harry’s House,,165,songs/harry_styles_as_it_was.mp3,feel good
Just the Way You Are,Bruno Mars,,,Bruno Mars,English,,Doo-Wops & Hooligans,,217,songs/bruno_mars_just_the_way_you_are.mp3,romantic
Blow,Ke$ha,,,English,English,,Cannibal,,219,songs/keha_blow.mp3,feel good
Genie in a Bottle,Christina Aguilera,,,90S,English,,Christina Aguilera,,217,songs/christina_aguilera_genie_in_a_bottle.mp3,nostalgic|party
Side to Side,Ariana Grande,,,Reggae,English,,Side to Side,,,songs/ariana_grande_side_to_side.mp3,feel good
Sports car,Tate McRae,,,So Close To What,English,,So Close To What [Explicit],,165,songs/tate_mcrae_sports_car.mp3,party
Dark Horse,Katy Perry,,,Katy Perry,English,,PRISM,,215,songs/katy_perry_dark_horse.mp3,feel good
traitor,Olivia Rodrigo,,,Ballad,English,,Bored,,229,songs/olivia_rodrigo_traitor.mp3,feel good
Wildest Dreams,Taylor Swift,,,Dream Pop,English,,1989,,220,songs/taylor_swift_wildest_dreams.mp3,sleepy
When I Was Your Man,Bruno Mars,,,Piano,English,,Unorthodox Jukebox,,213,songs/bruno_mars_when_i_was_your_man.mp3,romantic
PILLOWTALK,ZAYN,,,Electronic,English,,,,,songs/zayn_pillowtalk.mp3,feel good
Maps,Maroon 5,,,2014,English,,V (Deluxe),,190,songs/maroon_5_maps.mp3,feel good
Adventure of a Lifetime,Coldplay,,,Rock,English,,A Head Full of Dreams,,263,songs/coldplay_adventure_of_a_lifetime.mp3,feel good
Payphone,Maroon 5,,,Maroon 5,English,,Overexposed,,222,songs/maroon_5_payphone.mp3,romantic
Call It What You Want,Taylor Swift,,,Electropop,English,,Call It What You Want,,207,songs/taylor_swift_call_it_what_you_want.mp3,feel good
Kiss Me,Sixpence None the Richer,,,90S,English,,Sixpence None the Richer,,198,songs/sixpence_none_the_richer_kiss_me.mp3,nostalgic|romantic
Never Be the Same,Camila Cabello,,,Camila,English,,Camila,,226,songs/camila_cabello_never_be_the_same.mp3,feel good
What Makes You Beautiful,One Direction,,,One Direction,English,,Up All Night,,198,songs/one_direction_what_makes_you_beautiful.mp3,feel good
Remember the Time,Michael Jackson,,,Michael Jackson,English,,The Essential Michael Jackson,,242,songs/michael_jackson_remember_the_time.mp3,nostalgic|party
Stitches,Shawn Mendes,,,Canadian,English,,Handwritten (Deluxe),,206,songs/shawn_mendes_stitches.mp3,feel good
Please Please Please,Sabrina Carpenter,,,Country Pop,English,,Please Please Please,,186,songs/sabrina_carpenter_please_please_please.mp3,feel good
Delicate,Taylor Swift,,,Electropop,English,,"Now That's What I Call Music, Vol. 67",,232,songs/taylor_swift_delicate.mp3,feel good
Manchild,Sabrina Carpenter,,,Rnb,English,,Manchild 7in,,213,songs/sabrina_carpenter_manchild.mp3,feel good
Hips Don't Lie (feat. Wyclef Jean),Shakira,,,Latin,English,,"Oral Fixation, Vols. 1 & 2 (With Bonus Videos)",,219,songs/shakira_hips_dont_lie_feat_wyclef_jean.mp3,party
We Found Love (feat. Calvin Harris),Rihanna,,,English,English,,Talk That Talk,,216,songs/rihanna_we_found_love_feat_calvin_harris.mp3,romantic
Disturbia,Rihanna,,,Dance,English,,Good Girl Gone Bad: Reloaded,,169,songs/rihanna_disturbia.mp3,party
Can't Get You Out of My Head,Kylie Minogue,,,Dance,English,,Fever,,229,songs/kylie_minogue_cant_get_you_out_of_my_head.mp3,party
Wide Awake,Katy Perry,,,Katy Perry,English,,Katy Perry - Teenage Dream: The Complete Confection,,219,songs/katy_perry_wide_awake.mp3,feel good
Beat It,Michael Jackson,,,80S,English,,The Essential Michael Jackson,,257,songs/michael_jackson_beat_it.mp3,nostalgic|party
I Kissed a Girl,Katy Perry,,,Female Vocalists,English,,One of the Boys,,180,songs/katy_perry_i_kissed_a_girl.mp3,party
Meet Me Halfway,Black Eyed Peas,,,Hip-Hop,English,,The E.N.D. (The Energy Never Dies),,228,songs/black_eyed_peas_meet_me_halfway.mp3,party
Sorry,Justin Bieber,,,Dancehall,English,,Sorry,,200,songs/justin_bieber_sorry.mp3,party
Just Give Me a Reason (feat. Nate Ruess),P!nk,,,P!Nk,English,,The Truth About Love (Deluxe Version),,242,songs/pnk_just_give_me_a_reason_feat_nate_ruess.mp3,feel good
Dynamite,BTS,,,Bts,English,,Dynamite - EP,,199,songs/bts_dynamite.mp3,party
E.T.,Katy Perry,,,Female Vocalists,English,,Teenage Dream,,206,songs/katy_perry_et.mp3,party
Abracadabra,Lady Gaga,,,Electropop,English,,MAYHEM,,222,songs/lady_gaga_abracadabra.mp3,party
Breakin' Dishes,Rihanna,,,Rnb,English,,Good Girl Gone Bad,,200,songs/rihanna_breakin_dishes.mp3,party
Alejandro,Lady Gaga,,,Lady Gaga,English,,The Fame Monster,,239,songs/lady_gaga_alejandro.mp3,party
Dangerous Woman,Ariana Grande,,,Rnb,English,,Dangerous Woman,,236,songs/ariana_grande_dangerous_woman.mp3,feel good
Down Bad,Taylor Swift,,,Synthpop,English,,THE TORTURED POETS DEPARTMENT,,261,songs/taylor_swift_down_bad.mp3,feel good
Marry You,Bruno Mars,,,Rnb,English,,Doo-Wops & Hooligans,,230,songs/bruno_mars_marry_you.mp3,romantic
The Man Who Can't Be Moved,The Script,,,Rock,English,,The Script,,241,songs/the_script_the_man_who_cant_be_moved.mp3,romantic|relaxed
Cake by the Ocean,DNCE,,,Funk,English,,SWAAY,,218,songs/dnce_cake_by_the_ocean.mp3,party
Umbrella,Rihanna,,,Rnb,English,,Good Girl Gone Bad,,249,songs/rihanna_umbrella.mp3,party
Tik Tok,Ke$ha,,,English,English,,Animal,,200,songs/keha_tik_tok.mp3,feel good
Space Song,Beach House,,,Dream Pop,English,,Depression Cherry,,320,songs/beach_house_space_song.mp3,feel good
Sofia,Clairo,,,Indie Pop,English,,Immunity [Explicit],,188,songs/clairo_sofia.mp3,romantic
Out of My League,Fitz and the Tantrums,,,Indie Pop,English,,More Than Just a Dream,,209,songs/fitz_and_the_tantrums_out_of_my_league.mp3,feel good
Buzzcut Season,Lorde,,,Indie Pop,English,,Pure Heroine,,246,songs/lorde_buzzcut_season.mp3,feel good
There Is a Light That Never Goes Out - 2011 Remaster,The Smiths,,,Jangle Pop,English,,The Queen Is Dead - 2011 Remaster,,244,songs/the_smiths_there_is_a_light_that_never_goes_out_2011_remaster.mp3,feel good
Pumped Up Kicks,Foster the People,,,Indie,English,,Torches,,239,songs/foster_the_people_pumped_up_kicks.mp3,happy
Diet Mountain Dew,Lana Del Rey,,,Indie,English,,Born to Die,,222,songs/lana_del_rey_diet_mountain_dew.mp3,feel good
Bags,Clairo,,,Indie Pop,English,,Immunity [Explicit],,260,songs/clairo_bags.mp3,feel good
Not Allowed,TV Girl,,,Indie Pop,English,,Who Really Cares,,167,songs/tv_girl_not_allowed.mp3,relaxed
Team,Lorde,,,Indie Pop,English,,Pure Heroine,,193,songs/lorde_team.mp3,feel good
Cigarettes out the Window,TV Girl,,,Indie Pop,English,,Who Really Cares,,198,songs/tv_girl_cigarettes_out_the_window.mp3,feel good
A World Alone,Lorde,,,Indie Pop,English,,Pure Heroine,,294,songs/lorde_a_world_alone.mp3,sad
Shut Up and Dance,Walk the Moon,,,Indie Pop,English,,Talking Is Hard,,198,songs/walk_the_moon_shut_up_and_dance.mp3,party
National Anthem,Lana Del Rey,,,Indie Pop,English,,Born to Die,,246,songs/lana_del_rey_national_anthem.mp3,feel good
Wildflower,Beach House,,,Dream Pop,English,,Depression Cherry,,219,songs/beach_house_wildflower.mp3,feel good
Tongue Tied,Grouplove,,,Indie,English,,Never Trust a Happy Song,,218,songs/grouplove_tongue_tied.mp3,happy
Cool Kids,Echosmith,,,Indie Pop,English,,Talking Dreams (Deluxe Version),,237,songs/echosmith_cool_kids.mp3,feel good
Black Out Days,Phantogram,,,Indie Pop,English,,Voices,,227,songs/phantogram_black_out_days.mp3,feel good
Burning Pile,Mother Mother,,,Indie Pop,English,,O My Heart,,262,songs/mother_mother_burning_pile.mp3,sad
Young Folks,Peter Bjorn and John,,,Indie,English,,Writer's Block,,211,songs/peter_bjorn_and_john_young_folks.mp3,happy
Like Or Like Like,Miniature Tigers,,,Indie Pop,English,,Tell It To The Volcano,,156,songs/miniature_tigers_like_or_like_like.mp3,romantic
My Type,Saint Motel,,,Indie Pop,English,,My Type EP,,204,songs/saint_motel_my_type.mp3,party
Why Do You Let Me Stay Here?,She & Him,,,Indie,English,,Volume One,,150,songs/she_him_why_do_you_let_me_stay_here.mp3,feel good
Andrew In Drag,The Magnetic Fields,,,Indie Pop,English,,Love at the Bottom of the Sea,,129,songs/the_magnetic_fields_andrew_in_drag.mp3,feel good
Nobody,Mitski,,,Indie Pop,English,,Be the Cowboy,,202,songs/mitski_nobody.mp3,feel good
Circles,Post Malone,,,Indie Pop,English,,Now That's What I Call Music! Vol. 73,,213,songs/post_malone_circles.mp3,feel good
My Moon My Man,Feist,,,Female Vocalists,English,,The Reminder,,205,songs/feist_my_moon_my_man.mp3,feel good
the last great american dynasty,Taylor Swift,,,Indie Pop,English,,folklore [Clean],,226,songs/taylor_swift_the_last_great_american_dynasty.mp3,feel good
Car Radio,Twenty One Pilots,,,Indie Pop,English,,Vessel,,472,songs/twenty_one_pilots_car_radio.mp3,feel good
1901,Phoenix,,,Indie,English,,Wolfgang Amadeus Phoenix,,193,songs/phoenix_1901.mp3,party
Arms Tonite,Mother Mother,,,Indie Pop,English,,O My Heart,,216,songs/mother_mother_arms_tonite.mp3,feel good
everything i wanted,Billie Eilish,,,Indie Pop,English,,Now That's What I Call Music! Vol. 74,,245,songs/billie_eilish_everything_i_wanted.mp3,sad
Spring,Saint Etienne,,,Wsum 91.7 Fm Madison,English,,Foxbase Alpha,,224,songs/saint_etienne_spring.mp3,party
"Please, Please, Please, Let Me Get What I Want - 2011 Remaster",The Smiths,,,New Wave,English,,Hatful Of Hollow - 2011 Remaster,,112,songs/the_smiths_please_please_please_let_me_get_what_i_want_2011_remaster.mp3,feel good
Dreams Tonite,Alvvays,,,Dream Pop,English,,Antisocialites,,196,songs/alvvays_dreams_tonite.mp3,sleepy
Dark Red,Steve Lacy,,,Rnb,English,,Steve Lacy's Demo,,173,songs/steve_lacy_dark_red.mp3,feel good
Tek It,Cafuné,,,Indie Pop,English,,Running,,191,songs/cafuné_tek_it.mp3,feel good
Summertime Sadness,Lana Del Rey,,,Indie,English,,Born to Die,,265,songs/lana_del_rey_summertime_sadness.mp3,sad
Dog Days Are Over,Florence + the Machine,,,Indie,English,,,,,songs/florence_the_machine_dog_days_are_over.mp3,happy
Body Electric,Lana Del Rey,,,English,English,,Born to Die - The Paradise Edition,,302,songs/lana_del_rey_body_electric.mp3,feel good
Here's Where the Story Ends,The Sundays,,,90S,English,,Reading Writing And Arithmetic,,233,songs/the_sundays_heres_where_the_story_ends.mp3,nostalgic
Born to Die,Lana Del Rey,,,Indie,English,,Born to Die,,286,songs/lana_del_rey_born_to_die.mp3,feel good
idontwannabeyouanymore,Billie Eilish,,,Indie Pop,English,,my boy,,203,songs/billie_eilish_idontwannabeyouanymore.mp3,feel good
Gods & Monsters,Lana Del Rey,,,Indie,English,,Born to Die - The Paradise Edition,,237,songs/lana_del_rey_gods_monsters.mp3,relaxed
The Cigarette Duet,Princess Chelsea,,,English,English,,Lil' Golden Book,,257,songs/princess_chelsea_the_cigarette_duet.mp3,feel good
Thunder,Imagine Dragons,,,Indie Pop,English,,Evolve,,187,songs/imagine_dragons_thunder.mp3,feel good
Where'd All The Time Go?,Dr. Dog,,,Indie Pop,English,,Shame Shame,,,songs/dr_dog_whered_all_the_time_go.mp3,feel good
Houdini,Foster the People,,,Indie,English,,Torches,,202,songs/foster_the_people_houdini.mp3,happy
my tears ricochet,Taylor Swift,,,Folk,English,,Folklore Deluxe Version Explicit,,255,songs/taylor_swift_my_tears_ricochet.mp3,sad|devotional
Golden,Harry Styles,,,Indie Pop,English,,538 Hitzone 97,,207,songs/harry_styles_golden.mp3,feel good
Habits (Stay High),Tove Lo,,,Kick,English,,Queen of the Clouds,,208,songs/tove_lo_habits_stay_high.mp3,feel good
Washing Machine Heart,Mitski,,,Art Rock,English,,Be the Cowboy,,144,songs/mitski_washing_machine_heart.mp3,sad
The Hype,Twenty One Pilots,,,English,English,,The Hype (Alt Mix),,265,songs/twenty_one_pilots_the_hype.mp3,feel good
Heaven Knows I'm Miserable Now - 2011 Remaster,The Smiths,,,Jangle Pop,English,,Hatful Of Hollow - 2011 Remaster,,215,songs/the_smiths_heaven_knows_im_miserable_now_2011_remaster.mp3,feel good
Guns for Hands,Twenty One Pilots,,,Indie Pop,English,,Vessel,,321,songs/twenty_one_pilots_guns_for_hands.mp3,feel good
Money,The Drums,,,Indie,English,,Portamento,,234,songs/the_drums_money.mp3,feel good
Amoeba,Clairo,,,Rock,English,,Sling,,228,songs/clairo_amoeba.mp3,feel good
Off to the Races,Lana Del Rey,,,Indie,English,,Born to Die,,299,songs/lana_del_rey_off_to_the_races.mp3,feel good
Doin' Time,Lana Del Rey,,,Cover,English,,Indie Mix,,202,songs/lana_del_rey_doin_time.mp3,feel good
favorite crime,Olivia Rodrigo,,,Indie Pop,English,,Bored,,160,songs/olivia_rodrigo_favorite_crime.mp3,feel good
I Bet on Losing Dogs,Mitski,,,Indie Rock,English,,Puberty 2,,178,songs/mitski_i_bet_on_losing_dogs.mp3,sad
Video Games,Lana Del Rey,,,Female Vocalists,English,,Born to Die,,281,songs/lana_del_rey_video_games.mp3,feel good
Are You Satisfied?,Marina,,,Indie Pop,English,,,,199,songs/marina_are_you_satisfied.mp3,feel good
Favourite,Fontaines D.C.,,,Jangle Pop,English,,Romance,,256,songs/fontaines_dc_favourite.mp3,feel good
"Get Me Away from Here, I'm Dying",Belle and Sebastian,,,English,English,,If You're Feeling Sinister,,205,songs/belle_and_sebastian_get_me_away_from_here_im_dying.mp3,feel good
Silver Soul,Beach House,,,Dream Pop,English,,Teen Dream,,280,songs/beach_house_silver_soul.mp3,feel good
No Other Heart,Mac DeMarco,,,Indie Pop,English,,Another One,,173,songs/mac_demarco_no_other_heart.mp3,sad
Body,Mother Mother,,,Indie Pop,English,,O My Heart,,213,songs/mother_mother_body.mp3,feel good
I Love You So,The Walters,,,Indie Pop,English,,Songs for Dads,,160,songs/the_walters_i_love_you_so.mp3,sad
i love you,Billie Eilish,,,2010S,English,,You Belong With Me,,291,songs/billie_eilish_i_love_you.mp3,romantic
Sutphin Boulevard,Blood Orange,,,Indie Pop,English,,Coastal Grooves,,214,songs/blood_orange_sutphin_boulevard.mp3,feel good
Say Something,A Great Big World,,,English,English,,Is There Anybody Out There?,,231,songs/a_great_big_world_say_something.mp3,feel good
Chlorine,Twenty One Pilots,,,Indie Pop,English,,Trench,,215,songs/twenty_one_pilots_chlorine.mp3,feel good
Lovers Rock,TV Girl,,,Alternative,English,,French Exit,,213,songs/tv_girl_lovers_rock.mp3,romantic
take a bite,beabadoobee,,,Post-Britpop,English,,take a bite,,159,songs/beabadoobee_take_a_bite.mp3,feel good
The Boy With the Arab Strap,Belle and Sebastian,,,English,English,,The Boy with the Arab Strap,,314,songs/belle_and_sebastian_the_boy_with_the_arab_strap.mp3,feel good
Doubt,Twenty One Pilots,,,Indie Pop,English,,Blurryface,,191,songs/twenty_one_pilots_doubt.mp3,feel good
Bel Air,Lana Del Rey,,,English,English,,Born to Die - The Paradise Edition,,237,songs/lana_del_rey_bel_air.mp3,feel good
House of Gold,Twenty One Pilots,,,Indie Pop,English,,Vessel,,179,songs/twenty_one_pilots_house_of_gold.mp3,feel good
I Don't Want to Get Over You,The Magnetic Fields,,,English,English,,69 Love Songs,,142,songs/the_magnetic_fields_i_dont_want_to_get_over_you.mp3,feel good
Vicious,Sabrina Carpenter,,,Indie Pop,English,,vicious,,149,songs/sabrina_carpenter_vicious.mp3,feel good
girls,girl in red,,,Indie Pop,English,,Chapter 1 - EP,,198,songs/girl_in_red_girls.mp3,chill
Burning,The Whitest Boy Alive,,,English,English,,Dreams,,191,songs/the_whitest_boy_alive_burning.mp3,feel good
Cannibal Queen,Miniature Tigers,,,English,English,,Tell It To The Volcano,,162,songs/miniature_tigers_cannibal_queen.mp3,feel good
My Finest Hour,The Sundays,,,English,English,,Reading Writing And Arithmetic,,295,songs/the_sundays_my_finest_hour.mp3,feel good
Call It What You Want,Foster the People,,,English,English,,Torches,,239,songs/foster_the_people_call_it_what_you_want.mp3,feel good
Ode to Sleep,Twenty One Pilots,,,Indie Pop,English,,Vessel,,322,songs/twenty_one_pilots_ode_to_sleep.mp3,sleepy
Wraith Pinned To The Mist And Other Games,of Montreal,,,English,English,,The Sunlandic Twins,,251,songs/of_montreal_wraith_pinned_to_the_mist_and_other_games.mp3,feel good
Goner,Twenty One Pilots,,,English,English,,Blurryface,,266,songs/twenty_one_pilots_goner.mp3,lonely
This Is What Makes Us Girls,Lana Del Rey,,,Indie,English,,Born to Die,,240,songs/lana_del_rey_this_is_what_makes_us_girls.mp3,chill
This Night Has Opened My Eyes - 2011 Remaster,The Smiths,,,Jangle Pop,English,,Hatful Of Hollow - 2011 Remaster,,221,songs/the_smiths_this_night_has_opened_my_eyes_2011_remaster.mp3,sleepy
Wet Dream,Wet Leg,,,Indie Rock,English,,Wet Dream,,141,songs/wet_leg_wet_dream.mp3,feel good
"1 step forward, 3 steps back",Olivia Rodrigo,,,Indie Pop,English,,SOUR,,163,songs/olivia_rodrigo_1_step_forward_3_steps_back.mp3,feel good
I / Me / Myself,Will Wood,,,Indie Pop,English,,The Normal Album,,280,songs/will_wood_i_me_myself.mp3,feel good
Migraine,Twenty One Pilots,,,Indie Pop,English,,Vessel,,268,songs/twenty_one_pilots_migraine.mp3,feel good
The Love Club,Lorde,,,Electronic,English,,Pure Heroine (Extended),,201,songs/lorde_the_love_club.mp3,romantic
Summertime,The Sundays,,,90S,English,,Static & Silence,,208,songs/the_sundays_summertime.mp3,nostalgic
Witches,Alice Phoebe Lou,,,Indie Pop,English,,Witches,,185,songs/alice_phoebe_lou_witches.mp3,chill
Daylight,Matt & Kim,,,English,English,,Grand,,171,songs/matt_kim_daylight.mp3,feel good
Waste,Foster the People,,,English,English,,Torches,,341,songs/foster_the_people_waste.mp3,feel good
